source,title,make,model,variant,year,age,price_pkr,price_in_lacs,mileage_km,registered_city,engine_cc,transmission,fuel_type,url,image_url,description,bonnet,roof,trunk,front_left_door,front_right_door,rear_left_door,rear_right_door,front_left_fender,front_right_fender,rear_left_fender,rear_right_fender,seals_intact,accidental,pieces_paint_no_putty,pieces_with_putty,pieces_replaced,total_pieces_damaged,is_total_genuine
PakWheels,Daihatsu Cuore  2003 CL for Sale,Daihatsu,Cuore,Standard,2003,21,750000,7.5,7615,Lahore,800,Manual,Petrol,https://www.pakwheels.com/used-cars/daihatsu-cuore-2003-for-sale-in-lahore-11998597,https://cache1.pakwheels.com/ad_pictures/1514/tn_daihatsu-cuore-cl-3-2003-151435643.webp,,genuine,genuine,genuine,genuine,genuine,genuine,genuine,genuine,genuine,genuine,genuine,1,0,0,0,0,0,1
PakWheels,Honda Civic 11th (FE) Generation 2026 RS for Sale,Honda,Civic,Standard,2026,0,10800000,108.0,1092,Islamabad,1500,Automatic,Petrol,https://www.pakwheels.com/used-cars/honda-civic-2026-for-sale-in-islamabad-11974906,https://cache3.pakwheels.com/ad_pictures/1510/tn_honda-civic-civic-rs-2026-151073290.webp,,genuine,genuine,genuine,genuine,genuine,genuine,genuine,genuine,genuine,genuine,genuine,1,0,0,0,0,0,1
PakWheels,Toyota C-HR  2017 G for Sale,Toyota,C-HR,Standard,2017,7,5975000,59.75,204665,Lahore,1800,Automatic,Hybrid,https://www.pakwheels.com/used-cars/toyota-c-hr-2017-for-sale-in-lahore-11860760,https://cache1.pakwheels.com/ad_pictures/1493/tn_toyota-c-hr-g-61-2017-149320585.webp,,genuine,genuine,genuine,genuine,genuine,genuine,genuine,genuine,genuine,genuine,genuine,1,0,0,0,0,0,1
PakWheels,BYD Atto 3  2025 Advance for Sale,Toyota,Corolla,Standard,2025,0,8500000,85.0,25000,Lahore,1300,Automatic,Electric,https://www.pakwheels.com/used-cars/byd-atto-3-2025-for-sale-in-lahore-12044615,https://cache4.pakwheels.com/ad_pictures/1521/tn_byd-atto-3-advance-2025-152142296.webp,,genuine,genuine,genuine,genuine,genuine,genuine,genuine,genuine,genuine,genuine,genuine,1,0,0,0,0,0,1
PakWheels,Deepal S05  2026 REEV Premium for Sale,Toyota,Corolla,Standard,2026,0,10400000,104.0,940,Lahore,1500,Automatic,Petrol,https://www.pakwheels.com/used-cars/deepal-s05-2026-for-sale-in-lahore-11819744,https://cache2.pakwheels.com/ad_pictures/1486/tn_deepal-s05-reev-premium-2026-148696768.webp,,genuine,genuine,genuine,genuine,genuine,genuine,genuine,genuine,genuine,genuine,genuine,1,0,0,0,0,0,1
PakWheels,Toyota Land Cruiser  2014 ZX for Sale,Toyota,Land Cruiser,Standard,2014,10,27500000,275.0,71000,Islamabad,4600,Automatic,Petrol,https://www.pakwheels.com/used-cars/toyota-land-cruiser-2014-for-sale-in-islamabad-12044672,https://cache1.pakwheels.com/ad_pictures/1521/tn_toyota-land-cruiser-zx-2-2014-152143342.webp,,genuine,genuine,genuine,genuine,genuine,genuine,genuine,genuine,genuine,genuine,genuine,1,0,0,0,0,0,1
PakWheels,Toyota Corolla  2019 Altis Automatic 1.6 for Sale,Toyota,Corolla,Standard,2019,5,4780000,47.8,77000,Rawalpindi,1600,Automatic,Petrol,https://www.pakwheels.com/used-cars/toyota-corolla-2019-for-sale-in-rawalpindi-11965637,https://cache1.pakwheels.com/ad_pictures/1509/tn_toyota-corolla-altis-1-6-automatic-2019-150926996.webp,,genuine,genuine,genuine,genuine,genuine,genuine,genuine,genuine,genuine,genuine,genuine,1,0,0,0,0,0,1
PakWheels,Audi Q7  2018 45 TFSI quattro for Sale,Audi,Q7,Standard,2018,6,23500000,235.0,27987,Karachi,3000,Automatic,Petrol,https://www.pakwheels.com/used-cars/audi-q7-2018-for-sale-in-karachi-12000940,https://cache1.pakwheels.com/ad_pictures/1514/tn_audi-q7-45-tfsi-quattro-2018-151470114.webp,,genuine,genuine,genuine,genuine,genuine,genuine,genuine,genuine,genuine,genuine,genuine,1,0,0,0,0,0,1
PakWheels,Suzuki Mehran  2015 VXR Euro II for Sale,Suzuki,Mehran,VXR,2015,9,1000000,10.0,99410,Lahore,796,Manual,Petrol,https://www.pakwheels.com/used-cars/suzuki-mehran-2015-for-sale-in-lahore-11929410,https://cache2.pakwheels.com/ad_pictures/1503/tn_suzuki-mehran-vxr-euro-ii-2015-150376572.webp,,genuine,genuine,genuine,genuine,genuine,genuine,genuine,genuine,genuine,genuine,genuine,1,0,0,0,0,0,1
PakWheels,Suzuki Swift  2017 DLX 1.3 for Sale,Suzuki,Swift,DLX,2017,7,2400000,24.0,90287,Faisalabad,1300,Manual,Petrol,https://www.pakwheels.com/used-cars/suzuki-swift-2017-for-sale-in-faisalabad-11907547,https://cache4.pakwheels.com/ad_pictures/1500/tn_suzuki-swift-1-3l-dlx-2017-150040626.webp,,genuine,genuine,genuine,genuine,genuine,genuine,genuine,genuine,genuine,genuine,genuine,1,0,0,0,0,0,1
PakWheels,Toyota Corolla 9th (E120) Generation 2004 XLi for Sale,Toyota,Corolla,XLi,2004,20,1420000,14.2,418800,Lahore,1300,Manual,Petrol,https://www.pakwheels.com/used-cars/toyota-corolla-2004-for-sale-in-lahore-11980223,https://cache3.pakwheels.com/ad_pictures/1521/tn_toyota-corolla-xli-2-2004-152142718.webp,,genuine,genuine,genuine,genuine,genuine,genuine,genuine,genuine,genuine,genuine,genuine,1,0,0,0,0,0,1
PakWheels,Toyota Vitz  2000 F 1.0 for Sale,Toyota,Vitz,Standard,2000,24,1950000,19.5,284089,Islamabad,1000,Manual,Petrol,https://www.pakwheels.com/used-cars/toyota-vitz-2000-for-sale-in-islamabad-12019436,https://cache1.pakwheels.com/ad_pictures/1517/tn_toyota-vitz-1-0-f-2000-151756863.webp,,genuine,genuine,genuine,genuine,genuine,genuine,genuine,genuine,genuine,genuine,genuine,1,0,0,0,0,0,1
PakWheels,Changan Oshan X7  2026 Comfort for Sale,Changan,Oshan X7,Standard,2026,0,8030000,80.3,5720,Lahore,1500,Automatic,Petrol,https://www.pakwheels.com/used-cars/changan-oshan-x7-2026-for-sale-in-lahore-12037734,https://cache2.pakwheels.com/ad_pictures/1520/tn_changan-oshan-x7-comfort-2-2026-152040243.webp,,genuine,genuine,genuine,genuine,genuine,genuine,genuine,genuine,genuine,genuine,genuine,1,0,0,0,0,0,1
PakWheels,Toyota Surf  1995 SSR-G 3.4 for Sale,Toyota,Corolla,Standard,1995,29,4700000,47.0,158000,Islamabad,3400,Automatic,Petrol,https://www.pakwheels.com/used-cars/toyota-surf-1995-for-sale-in-islamabad-12044677,,,genuine,genuine,genuine,genuine,genuine,genuine,genuine,genuine,genuine,genuine,genuine,1,0,0,0,0,0,1
PakWheels,Suzuki FX  1988 GA for Sale,Suzuki,Corolla,Standard,1988,36,320000,3.2,100000,Peshawar,800,Manual,Petrol,https://www.pakwheels.com/used-cars/suzuki-fx-1988-for-sale-in-peshawar-12044689,https://cache2.pakwheels.com/ad_pictures/1521/tn_suzuki-fx-ga-3-1988-152143858.webp,,genuine,genuine,genuine,genuine,genuine,genuine,genuine,genuine,genuine,genuine,genuine,1,0,0,0,0,0,1
PakWheels,Suzuki Swift  2013 DLX Automatic 1.3 for Sale,Suzuki,Swift,DLX,2013,11,2500000,25.0,130000,Lahore,1300,Automatic,Petrol,https://www.pakwheels.com/used-cars/suzuki-swift-2013-for-sale-in-mardan-12030760,https://cache3.pakwheels.com/ad_pictures/1519/tn_suzuki-swift-1-3-dlx-automatic-2013-151932987.webp,,genuine,genuine,genuine,genuine,genuine,genuine,genuine,genuine,genuine,genuine,genuine,1,0,0,0,0,0,1
PakWheels,Suzuki Swift  2012 DX 1.3 for Sale,Suzuki,Swift,Standard,2012,12,1620000,16.2,200000,Karachi,1300,Manual,Petrol,https://www.pakwheels.com/used-cars/suzuki-swift-2012-for-sale-in-karachi-12044688,https://cache1.pakwheels.com/ad_pictures/1521/tn_suzuki-swift-1-3-dx-2012-152143489.webp,,genuine,genuine,genuine,genuine,genuine,genuine,genuine,genuine,genuine,genuine,genuine,1,0,0,0,0,0,1
PakWheels,Honda N Wgn  2018 Custom G for Sale,Honda,Corolla,Standard,2018,6,3150000,31.5,100000,Lahore,660,Automatic,Petrol,https://www.pakwheels.com/used-cars/honda-n-wgn-2018-for-sale-in-sahiwal-12044686,https://cache4.pakwheels.com/ad_pictures/1521/tn_honda-n-wgn-custom-g-3-2018-152143628.webp,,genuine,genuine,genuine,genuine,genuine,genuine,genuine,genuine,genuine,genuine,genuine,1,0,0,0,0,0,1
PakWheels,Toyota Corolla  2013 GLi 1.3 VVTi for Sale,Toyota,Corolla,GLi 1.3,2013,11,2850000,28.5,3300,Islamabad,1300,Manual,Petrol,https://www.pakwheels.com/used-cars/toyota-corolla-2013-for-sale-in-islamabad-12044683,https://cache2.pakwheels.com/ad_pictures/1521/tn_toyota-corolla-gli-vvti-2013-152143158.webp,,genuine,genuine,genuine,genuine,genuine,genuine,genuine,genuine,genuine,genuine,genuine,1,0,0,0,0,0,1
PakWheels,Mercedes Benz E Class 3rd (W211) Generation 2006 E 200 Kompressor Elegance for Sale,Mercedes,Benz,ES,2006,18,5900000,59.0,136000,Lahore,1800,Automatic,Petrol,https://www.pakwheels.com/used-cars/mercedes-benz-e-class-2006-for-sale-in-lahore-12044676,https://cache1.pakwheels.com/ad_pictures/1521/tn_mercedes-benz-e-class-e-200-kompressor-elegance-2006-152143425.webp,,genuine,genuine,genuine,genuine,genuine,genuine,genuine,genuine,genuine,genuine,genuine,1,0,0,0,0,0,1
PakWheels,Toyota Passo  2015 G 1.3 for Sale,Toyota,Passo,Standard,2015,9,2850000,28.5,89000,Islamabad,1300,Automatic,Petrol,https://www.pakwheels.com/used-cars/toyota-passo-2015-for-sale-in-islamabad-12044675,https://cache3.pakwheels.com/ad_pictures/1521/tn_toyota-passo-1-3-g-2-2015-152143404.webp,,genuine,genuine,genuine,genuine,genuine,genuine,genuine,genuine,genuine,genuine,genuine,1,0,0,0,0,0,1
PakWheels,Honda Civic Rebirth (FB) 2008 VTi Prosmatec 1.8 i-VTEC for Sale,Honda,Civic,Rebirth,2008,16,2290000,22.9,250000,Lahore,1800,Automatic,Petrol,https://www.pakwheels.com/used-cars/honda-civic-2008-for-sale-in-lahore-10628631,https://cache4.pakwheels.com/ad_pictures/1300/tn_honda-civic-vti-1-8-i-vtec-prosmatec-2008-130048034.webp,,genuine,genuine,genuine,genuine,genuine,genuine,genuine,genuine,genuine,genuine,genuine,1,0,0,0,0,0,1
PakWheels,Honda City 5th (GM2) Generation 2018 Aspire Prosmatec 1.5 i-VTEC for Sale,Honda,City,i-VTEC,2018,6,3685000,36.85,110000,Faisalabad,1500,Automatic,Petrol,https://www.pakwheels.com/used-cars/honda-city-2018-for-sale-in-faisalabad-12044631,https://cache3.pakwheels.com/ad_pictures/1521/tn_honda-city-aspire-prosmatec-2018-152143627.webp,,genuine,genuine,genuine,genuine,genuine,genuine,genuine,genuine,genuine,genuine,genuine,1,0,0,0,0,0,1
PakWheels,Suzuki Cultus  2007 VXR for Sale,Suzuki,Cultus,VXR,2007,17,930000,9.3,989000,Karachi,1000,Manual,Petrol,https://www.pakwheels.com/used-cars/suzuki-cultus-2007-for-sale-in-karachi-12044674,https://cache3.pakwheels.com/ad_pictures/1521/tn_suzuki-cultus-vxr-2007-152143508.webp,,genuine,genuine,genuine,genuine,genuine,genuine,genuine,genuine,genuine,genuine,genuine,1,0,0,0,0,0,1
PakWheels,Honda City 5th (GM2) Generation 2021 Aspire Prosmatec 1.5 i-VTEC for Sale,Honda,City,i-VTEC,2021,3,4300000,43.0,36000,Karachi,1500,Automatic,Petrol,https://www.pakwheels.com/used-cars/honda-city-2021-for-sale-in-karachi-12044670,https://cache2.pakwheels.com/ad_pictures/1521/tn_honda-city-aspire-prosmatec-2021-152143236.webp,,genuine,genuine,genuine,genuine,genuine,genuine,genuine,genuine,genuine,genuine,genuine,1,0,0,0,0,0,1
PakWheels,Toyota Raize  2020 1.2L Z for Sale,Toyota,Raize,Standard,2020,4,6300000,63.0,24000,Multan,1200,Automatic,Petrol,https://www.pakwheels.com/used-cars/toyota-raize-2020-for-sale-in-multan-12044664,https://cache2.pakwheels.com/ad_pictures/1521/tn_toyota-raize-1-2l-z-2020-152142806.webp,,genuine,genuine,genuine,genuine,genuine,genuine,genuine,genuine,genuine,genuine,genuine,1,0,0,0,0,0,1
PakWheels,Suzuki Cultus  2017 VXR for Sale,Suzuki,Cultus,VXR,2017,7,2000000,20.0,72000,Lahore,1000,Manual,Petrol,https://www.pakwheels.com/used-cars/suzuki-cultus-2017-for-sale-in-sahiwal-12044667,https://cache3.pakwheels.com/ad_pictures/1521/tn_suzuki-cultus-vxr-2017-152143310.webp,,genuine,genuine,genuine,genuine,genuine,genuine,genuine,genuine,genuine,genuine,genuine,1,0,0,0,0,0,1
PakWheels,Honda City 5th (GM2) Generation 2018 1.3 i-VTEC Prosmatec for Sale,Honda,City,i-VTEC,2018,6,3850000,38.5,100360,Islamabad,1300,Automatic,Petrol,https://www.pakwheels.com/used-cars/honda-city-2018-for-sale-in-islamabad-12044666,https://cache2.pakwheels.com/ad_pictures/1521/tn_honda-city-i-vtec-prosmatec-2018-152143398.webp,,genuine,genuine,genuine,genuine,genuine,genuine,genuine,genuine,genuine,genuine,genuine,1,0,0,0,0,0,1
PakWheels,Daihatsu Mira  2012 ES for Sale,Daihatsu,Mira,ES,2012,12,2320000,23.2,86000,Karachi,660,Automatic,Petrol,https://www.pakwheels.com/used-cars/daihatsu-mira-2012-for-sale-in-karachi-11958785,https://cache1.pakwheels.com/ad_pictures/1508/tn_daihatsu-mira-es-2012-150819227.webp,,genuine,genuine,genuine,genuine,genuine,genuine,genuine,genuine,genuine,genuine,genuine,1,0,0,0,0,0,1
PakWheels,Suzuki Alto  2026 VXR Upgraded for Sale,Suzuki,Alto,VXR,2026,0,3110000,31.1,40,Karachi,660,Manual,Petrol,https://www.pakwheels.com/used-cars/suzuki-alto-2026-for-sale-in-karachi-11944548,https://cache1.pakwheels.com/ad_pictures/1506/tn_suzuki-alto-vxr-upgraded-2026-150602642.webp,,genuine,genuine,genuine,genuine,genuine,genuine,genuine,genuine,genuine,genuine,genuine,1,0,0,0,0,0,1
PakWheels,Suzuki Swift  2017 DLX Automatic 1.3 Navigation for Sale,Suzuki,Swift,DLX,2017,7,2850000,28.5,76774,Islamabad,1300,Automatic,Petrol,https://www.pakwheels.com/used-cars/suzuki-swift-2017-for-sale-in-islamabad-11907499,https://cache3.pakwheels.com/ad_pictures/1500/tn_suzuki-swift-dlx-automatic-1-3-navigation-2017-150039744.webp,,genuine,genuine,genuine,genuine,genuine,genuine,genuine,genuine,genuine,genuine,genuine,1,0,0,0,0,0,1
PakWheels,Prince Pearl  2022 MT for Sale,Toyota,Corolla,Standard,2022,2,1230000,12.3,20000,Lahore,800,Manual,Petrol,https://www.pakwheels.com/used-cars/prince-pearl-2022-for-sale-in-lahore-12043571,https://cache3.pakwheels.com/ad_pictures/1521/tn_prince-pearl-mt-2022-152127350.webp,,genuine,genuine,genuine,genuine,genuine,genuine,genuine,genuine,genuine,genuine,genuine,1,0,0,0,0,0,1
PakWheels,Tank 500  2026 PHEV for Sale,Toyota,Corolla,Standard,2026,0,13400000,134.0,4000,Islamabad,2000,Automatic,Petrol,https://www.pakwheels.com/used-cars/tank-500-2026-for-sale-in-islamabad-12043482,https://cache4.pakwheels.com/ad_pictures/1521/tn_tank-500-phev-5-2026-152125468.webp,,genuine,genuine,genuine,genuine,genuine,genuine,genuine,genuine,genuine,genuine,genuine,1,0,0,0,0,0,1
PakWheels,Proton X70  2022 Premium FWD for Sale,Proton,X70,FWD,2022,2,5200000,52.0,42000,Karachi,1500,Automatic,Petrol,https://www.pakwheels.com/used-cars/proton-x70-2022-for-sale-in-karachi-12044601,https://cache2.pakwheels.com/ad_pictures/1521/tn_proton-x70-premium-fwd-2022-152142456.webp,,genuine,genuine,genuine,genuine,genuine,genuine,genuine,genuine,genuine,genuine,genuine,1,0,0,0,0,0,1
PakWheels,Daihatsu Mira  2014 L for Sale,Daihatsu,Mira,Standard,2014,10,2350000,23.5,74576,Karachi,660,Automatic,Petrol,https://www.pakwheels.com/used-cars/daihatsu-mira-2014-for-sale-in-karachi-11858453,https://cache3.pakwheels.com/ad_pictures/1492/tn_daihatsu-mira-x-8-2014-149286683.webp,,genuine,genuine,genuine,genuine,genuine,genuine,genuine,genuine,genuine,genuine,genuine,1,0,0,0,0,0,1
PakWheels,Toyota Premio  2010 F 1.5 for Sale,Toyota,Corolla,Standard,2010,14,3700000,37.0,97536,Karachi,1500,Automatic,Petrol,https://www.pakwheels.com/used-cars/toyota-premio-2010-for-sale-in-karachi-11818975,https://cache4.pakwheels.com/ad_pictures/1486/tn_toyota-premio-1-5l-f-2010-148685572.webp,,genuine,genuine,genuine,genuine,genuine,genuine,genuine,genuine,genuine,genuine,genuine,1,0,0,0,0,0,1
PakWheels,Hyundai Santro  2004 Exec for Sale,Hyundai,Corolla,Standard,2004,20,1100000,11.0,144000,Lahore,1000,Manual,Petrol,https://www.pakwheels.com/used-cars/hyundai-santro-2004-for-sale-in-lahore-12044595,https://cache1.pakwheels.com/ad_pictures/1521/tn_hyundai-santro-exec-2-2004-152142356.webp,,genuine,genuine,genuine,genuine,genuine,genuine,genuine,genuine,genuine,genuine,genuine,1,0,0,0,0,0,1
PakWheels,Haval H6  2025 1.5T for Sale,Haval,H6,Standard,2025,0,9500000,95.0,17100,Lahore,1500,Automatic,Petrol,https://www.pakwheels.com/used-cars/haval-h6-2025-for-sale-in-lahore-12044301,https://cache2.pakwheels.com/ad_pictures/1521/tn_haval-h6-1-5t-2025-152137907.webp,,genuine,genuine,genuine,genuine,genuine,genuine,genuine,genuine,genuine,genuine,genuine,1,0,0,0,0,0,1
PakWheels,DFSK Glory 580  2021 Pro for Sale,DFSK,Glory,Standard,2021,3,4000000,40.0,73135,Multan,1500,Automatic,Petrol,https://www.pakwheels.com/used-cars/dfsk-glory-580-2021-for-sale-in-multan-12029680,https://cache3.pakwheels.com/ad_pictures/1519/tn_dfsk-glory-580-pro-2021-151916988.webp,,genuine,genuine,genuine,genuine,genuine,genuine,genuine,genuine,genuine,genuine,genuine,1,0,0,0,0,0,1
PakWheels,Toyota Prius  2017 PHV (Plug In Hybrid) for Sale,Toyota,Prius,Standard,2017,7,7550000,75.5,67743,Rawalpindi,1800,Automatic,Petrol,https://www.pakwheels.com/used-cars/toyota-prius-2017-for-sale-in-rawalpindi-11974952,https://cache4.pakwheels.com/ad_pictures/1510/tn_toyota-prius-phv-plug-in-hybrid-2017-151074010.webp,,genuine,genuine,genuine,genuine,genuine,genuine,genuine,genuine,genuine,genuine,genuine,1,0,0,0,0,0,1
PakWheels,Honda Civic  2021 Oriel 1.8 i-VTEC CVT for Sale,Honda,Civic,Oriel 1.8,2021,3,6200000,62.0,54500,Lahore,1800,Automatic,Petrol,https://www.pakwheels.com/used-cars/honda-civic-2021-for-sale-in-lahore-12025385,https://cache1.pakwheels.com/ad_pictures/1518/tn_honda-civic-oriel-1-8-i-vtec-cvt-2021-151851403.webp,,genuine,genuine,genuine,genuine,genuine,genuine,genuine,genuine,genuine,genuine,genuine,1,0,0,0,0,0,1
PakWheels,Honda City 5th (GM2) Generation 2018 1.3 i-VTEC Prosmatec for Sale,Honda,City,i-VTEC,2018,6,3850000,38.5,100360,Islamabad,1300,Automatic,Petrol,https://www.pakwheels.com/used-cars/honda-city-2018-for-sale-in-islamabad-12044666,https://cache2.pakwheels.com/ad_pictures/1521/tn_honda-city-i-vtec-prosmatec-2018-152143398.webp,,genuine,genuine,genuine,genuine,genuine,genuine,genuine,genuine,genuine,genuine,genuine,1,0,0,0,0,0,1
PakWheels,Daihatsu Mira  2012 ES for Sale,Daihatsu,Mira,ES,2012,12,2320000,23.2,86000,Karachi,660,Automatic,Petrol,https://www.pakwheels.com/used-cars/daihatsu-mira-2012-for-sale-in-karachi-11958785,https://cache1.pakwheels.com/ad_pictures/1508/tn_daihatsu-mira-es-2012-150819227.webp,,genuine,genuine,genuine,genuine,genuine,genuine,genuine,genuine,genuine,genuine,genuine,1,0,0,0,0,0,1
PakWheels,Daihatsu Move  2012 L for Sale,Daihatsu,Move,Standard,2012,12,2000000,20.0,140000,Karachi,660,Automatic,Petrol,https://www.pakwheels.com/used-cars/daihatsu-move-2012-for-sale-in-karachi-12044665,https://cache1.pakwheels.com/ad_pictures/1521/tn_daihatsu-move-l-6-2012-152143376.webp,,genuine,genuine,genuine,genuine,genuine,genuine,genuine,genuine,genuine,genuine,genuine,1,0,0,0,0,0,1
PakWheels,Toyota Corolla  2019 GLi Automatic 1.3 VVTi for Sale,Toyota,Corolla,Standard,2019,5,4150000,41.5,214000,Lahore,1300,Automatic,Petrol,https://www.pakwheels.com/used-cars/toyota-corolla-2019-for-sale-in-manga-mandi-12044647,https://cache4.pakwheels.com/ad_pictures/1521/tn_toyota-corolla-gli-vvti-automatic-2019-152142976.webp,,genuine,genuine,genuine,genuine,genuine,genuine,genuine,genuine,genuine,genuine,genuine,1,0,0,0,0,0,1
PakWheels,Suzuki Mehran  2015 VXR Euro II for Sale,Suzuki,Mehran,VXR,2015,9,1000000,10.0,99410,Lahore,796,Manual,Petrol,https://www.pakwheels.com/used-cars/suzuki-mehran-2015-for-sale-in-lahore-11929410,https://cache2.pakwheels.com/ad_pictures/1503/tn_suzuki-mehran-vxr-euro-ii-2015-150376572.webp,,genuine,genuine,genuine,genuine,genuine,genuine,genuine,genuine,genuine,genuine,genuine,1,0,0,0,0,0,1
PakWheels,Toyota Corolla  2019 GLi Automatic 1.3 VVTi for Sale,Toyota,Corolla,Standard,2019,5,5600000,56.0,66000,Lahore,1300,Automatic,Petrol,https://www.pakwheels.com/used-cars/toyota-corolla-2019-for-sale-in-swat-12044659,https://cache1.pakwheels.com/ad_pictures/1521/tn_toyota-corolla-gli-vvti-automatic-2019-152142263.webp,,genuine,genuine,genuine,genuine,genuine,genuine,genuine,genuine,genuine,genuine,genuine,1,0,0,0,0,0,1
PakWheels,Haval H6  2025 HEV for Sale,Haval,H6,Standard,2025,0,11000000,110.0,38000,Sialkot,1500,Automatic,Hybrid,https://www.pakwheels.com/used-cars/haval-h6-2025-for-sale-in-sialkot-12044425,https://cache3.pakwheels.com/ad_pictures/1521/tn_haval-h6-hev-2025-152139833.webp,,genuine,genuine,genuine,genuine,genuine,genuine,genuine,genuine,genuine,genuine,genuine,1,0,0,0,0,0,1
PakWheels,Changan Alsvin  2023 1.5L DCT Lumiere for Sale,Changan,Alsvin,Lumiere,2023,1,3550000,35.5,65000,Lahore,1500,Automatic,Petrol,https://www.pakwheels.com/used-cars/changan-alsvin-2023-for-sale-in-lahore-12044651,https://cache1.pakwheels.com/ad_pictures/1521/tn_changan-alsvin-1-5l-dct-lumiere-2023-152143172.webp,,genuine,genuine,genuine,genuine,genuine,genuine,genuine,genuine,genuine,genuine,genuine,1,0,0,0,0,0,1
PakWheels,Suzuki Alto  2011 E Manual for Sale,Suzuki,Alto,Standard,2011,13,1550000,15.5,348500,Karachi,660,Manual,Petrol,https://www.pakwheels.com/used-cars/suzuki-alto-2011-for-sale-in-karachi-12044655,https://cache1.pakwheels.com/ad_pictures/1521/tn_suzuki-alto-e-manual-2011-152143406.webp,,genuine,genuine,genuine,genuine,genuine,genuine,genuine,genuine,genuine,genuine,genuine,1,0,0,0,0,0,1
PakWheels,Toyota Vitz  2026  for Sale,Toyota,Vitz,Standard,2026,0,2250000,22.5,190000,Peshawar,1000,Automatic,Petrol,https://www.pakwheels.com/used-cars/toyota-vitz-2026-for-sale-in-peshawar-12044650,https://cache1.pakwheels.com/ad_pictures/1521/tn_toyota-vitz-2026-152143311.webp,,genuine,genuine,genuine,genuine,genuine,genuine,genuine,genuine,genuine,genuine,genuine,1,0,0,0,0,0,1
PakWheels,Suzuki Hustler  2016 X for Sale,Suzuki,Corolla,Standard,2016,8,2695000,26.95,82000,Lahore,660,Automatic,Petrol,https://www.pakwheels.com/used-cars/suzuki-hustler-2016-for-sale-in-lahore-12027398,https://cache4.pakwheels.com/ad_pictures/1518/tn_suzuki-hustler-x-41-2016-151878405.webp,,genuine,genuine,genuine,genuine,genuine,genuine,genuine,genuine,genuine,genuine,genuine,1,0,0,0,0,0,1
PakWheels,Subaru Pleo  2007 A for Sale,Toyota,Corolla,Standard,2007,17,1290000,12.9,200000,Lahore,660,Automatic,Petrol,https://www.pakwheels.com/used-cars/subaru-pleo-2007-for-sale-in-lahore-12044649,https://cache2.pakwheels.com/ad_pictures/1521/tn_subaru-pleo-a-2-2007-152143014.webp,,genuine,genuine,genuine,genuine,genuine,genuine,genuine,genuine,genuine,genuine,genuine,1,0,0,0,0,0,1
PakWheels,Honda City 5th (GM2) Generation 2015 Aspire Prosmatec 1.5 i-VTEC for Sale,Honda,City,i-VTEC,2015,9,3400000,34.0,137000,Faisalabad,1500,Automatic,Petrol,https://www.pakwheels.com/used-cars/honda-city-2015-for-sale-in-faisalabad-12044493,https://cache1.pakwheels.com/ad_pictures/1521/tn_honda-city-aspire-prosmatec-2015-152140686.webp,,genuine,genuine,genuine,genuine,genuine,genuine,genuine,genuine,genuine,genuine,genuine,1,0,0,0,0,0,1
PakWheels,Suzuki Swift  2017 DLX 1.3 for Sale,Suzuki,Swift,DLX,2017,7,2400000,24.0,90287,Faisalabad,1300,Manual,Petrol,https://www.pakwheels.com/used-cars/suzuki-swift-2017-for-sale-in-faisalabad-11907547,https://cache4.pakwheels.com/ad_pictures/1500/tn_suzuki-swift-1-3l-dlx-2017-150040626.webp,,genuine,genuine,genuine,genuine,genuine,genuine,genuine,genuine,genuine,genuine,genuine,1,0,0,0,0,0,1
PakWheels,Honda City  2026  for Sale,Honda,City,Standard,2026,0,3100000,31.0,137,Lahore,100,Manual,Petrol,https://www.pakwheels.com/used-cars/honda-city-2026-for-sale-in-lahore-12044648,https://cache3.pakwheels.com/ad_pictures/1521/tn_honda-city-2026-152139306.webp,,genuine,genuine,genuine,genuine,genuine,genuine,genuine,genuine,genuine,genuine,genuine,1,0,0,0,0,0,1
PakWheels,Suzuki Mehran  1991 VXR for Sale,Suzuki,Mehran,VXR,1991,33,350000,3.5,260000,Peshawar,800,Manual,Petrol,https://www.pakwheels.com/used-cars/suzuki-mehran-1991-for-sale-in-peshawar-12044627,https://cache2.pakwheels.com/ad_pictures/1521/tn_suzuki-mehran-vxr-2-1991-152141707.webp,,genuine,genuine,genuine,genuine,genuine,genuine,genuine,genuine,genuine,genuine,genuine,1,0,0,0,0,0,1
PakWheels,Suzuki Alto  2005 Lepo for Sale,Suzuki,Alto,Standard,2005,19,980000,9.8,100000,Rawalpindi,660,Manual,Petrol,https://www.pakwheels.com/used-cars/suzuki-alto-2005-for-sale-in-rawalpindi-12044645,https://cache1.pakwheels.com/ad_pictures/1521/tn_suzuki-alto-lepo-2005-152142950.webp,,genuine,genuine,genuine,genuine,genuine,genuine,genuine,genuine,genuine,genuine,genuine,1,0,0,0,0,0,1
PakWheels,Honda City  2005 i-DSI Vario for Sale,Honda,City,i-DSI,2005,19,2195000,21.95,165000,Islamabad,1300,Automatic,Petrol,https://www.pakwheels.com/used-cars/honda-city-2005-for-sale-in-islamabad-12017985,https://cache2.pakwheels.com/ad_pictures/1517/tn_honda-city-i-dsi-vario-2005-151735969.webp,,genuine,genuine,genuine,genuine,genuine,genuine,genuine,genuine,genuine,genuine,genuine,1,0,0,0,0,0,1
PakWheels,Honda City  2001 EXi for Sale,Honda,City,Standard,2001,23,1230000,12.3,300000,Lahore,1300,Manual,Petrol,https://www.pakwheels.com/used-cars/honda-city-2001-for-sale-in-mian-wali-12044364,https://cache4.pakwheels.com/ad_pictures/1521/tn_honda-city-exi-2-2001-152138708.webp,,genuine,genuine,genuine,genuine,genuine,genuine,genuine,genuine,genuine,genuine,genuine,1,0,0,0,0,0,1
PakWheels,Toyota Corolla 9th (E120) Generation 2004 XLi for Sale,Toyota,Corolla,XLi,2004,20,1420000,14.2,418800,Lahore,1300,Manual,Petrol,https://www.pakwheels.com/used-cars/toyota-corolla-2004-for-sale-in-lahore-11980223,https://cache3.pakwheels.com/ad_pictures/1521/tn_toyota-corolla-xli-2-2004-152142718.webp,,genuine,genuine,genuine,genuine,genuine,genuine,genuine,genuine,genuine,genuine,genuine,1,0,0,0,0,0,1
PakWheels,Suzuki Mehran  2013 VXR Euro II for Sale,Suzuki,Mehran,VXR,2013,11,1050000,10.5,99000,Multan,796,Manual,Petrol,https://www.pakwheels.com/used-cars/suzuki-mehran-2013-for-sale-in-multan-11868081,https://cache3.pakwheels.com/ad_pictures/1494/tn_suzuki-mehran-vxr-euro-ii-2013-149437004.webp,,genuine,genuine,genuine,genuine,genuine,genuine,genuine,genuine,genuine,genuine,genuine,1,0,0,0,0,0,1
PakWheels,Toyota Corolla  2009 GLi 1.3 VVTi for Sale,Toyota,Corolla,GLi 1.3,2009,15,2600000,26.0,380000,Lahore,1300,Manual,Petrol,https://www.pakwheels.com/used-cars/toyota-corolla-2009-for-sale-in-sargodha-12044641,https://cache1.pakwheels.com/ad_pictures/1521/tn_toyota-corolla-gli-vvti-2009-152142740.webp,,genuine,genuine,genuine,genuine,genuine,genuine,genuine,genuine,genuine,genuine,genuine,1,0,0,0,0,0,1
PakWheels,Suzuki Alto  2024 VXL AGS for Sale,Suzuki,Alto,VXL AGS,2024,0,2975000,29.75,52000,Lahore,660,Automatic,Petrol,https://www.pakwheels.com/used-cars/suzuki-alto-2024-for-sale-in-jahaniya-12044629,https://cache1.pakwheels.com/ad_pictures/1521/tn_suzuki-alto-vxl-2-2024-152142866.webp,,genuine,genuine,genuine,genuine,genuine,genuine,genuine,genuine,genuine,genuine,genuine,1,0,0,0,0,0,1
PakWheels,Suzuki Mehran  2016 VXR Euro II for Sale,Suzuki,Mehran,VXR,2016,8,1575000,15.75,49000,Lahore,796,Manual,Petrol,https://www.pakwheels.com/used-cars/suzuki-mehran-2016-for-sale-in-gujrat-12044640,https://cache1.pakwheels.com/ad_pictures/1521/tn_suzuki-mehran-vxr-euro-ii-2016-152143023.webp,,genuine,genuine,genuine,genuine,genuine,genuine,genuine,genuine,genuine,genuine,genuine,1,0,0,0,0,0,1
PakWheels,Honda City 5th (GM2) Generation 2018 1.3 i-VTEC Prosmatec for Sale,Honda,City,i-VTEC,2018,6,3595000,35.95,127000,Lahore,1300,Automatic,Petrol,https://www.pakwheels.com/used-cars/honda-city-2018-for-sale-in-lahore-12030509,https://cache3.pakwheels.com/ad_pictures/1519/tn_honda-city-i-vtec-prosmatec-2018-151928979.webp,,genuine,genuine,genuine,genuine,genuine,genuine,genuine,genuine,genuine,genuine,genuine,1,0,0,0,0,0,1
PakWheels,Suzuki Swift  2019 DLX Automatic 1.3 Navigation for Sale,Suzuki,Swift,DLX,2019,5,3025000,30.25,68000,Rawalpindi,1300,Automatic,Petrol,https://www.pakwheels.com/used-cars/suzuki-swift-2019-for-sale-in-rawalpindi-12044553,https://cache2.pakwheels.com/ad_pictures/1521/tn_suzuki-swift-dlx-automatic-1-3-navigation-2019-152141358.webp,,genuine,genuine,genuine,genuine,genuine,genuine,genuine,genuine,genuine,genuine,genuine,1,0,0,0,0,0,1
PakWheels,Suzuki Mehran  2007 VXR for Sale,Suzuki,Mehran,VXR,2007,17,850000,8.5,575320,Islamabad,800,Manual,Petrol,https://www.pakwheels.com/used-cars/suzuki-mehran-2007-for-sale-in-islamabad-12019534,https://cache1.pakwheels.com/ad_pictures/1517/tn_suzuki-mehran-vxr-2-2007-151758570.webp,,genuine,genuine,genuine,genuine,genuine,genuine,genuine,genuine,genuine,genuine,genuine,1,0,0,0,0,0,1
PakWheels,Suzuki Wagon R  2022 VXL for Sale,Suzuki,Wagon R,VXL,2022,2,2850000,28.5,40000,Karachi,1000,Manual,Petrol,https://www.pakwheels.com/used-cars/suzuki-wagon-r-2022-for-sale-in-karachi-11992582,https://cache2.pakwheels.com/ad_pictures/1513/tn_suzuki-wagon-r-vxl-2022-151342309.webp,,genuine,genuine,genuine,genuine,genuine,genuine,genuine,genuine,genuine,genuine,genuine,1,0,0,0,0,0,1
PakWheels,Toyota Pixis Joy  2021  for Sale,Toyota,Corolla,Standard,2021,3,3450000,34.5,53293,Lahore,660,Automatic,Petrol,https://www.pakwheels.com/used-cars/toyota-pixis-joy-2021-for-sale-in-lahore-11951876,https://cache2.pakwheels.com/ad_pictures/1507/tn_toyota-raize-z-5-2021-150714282.webp,,genuine,genuine,genuine,genuine,genuine,genuine,genuine,genuine,genuine,genuine,genuine,1,0,0,0,0,0,1
PakWheels,Suzuki Alto  2023 Hybrid S LED for Sale,Suzuki,Alto,Standard,2023,1,3850000,38.5,55599,Multan,660,Automatic,Hybrid,https://www.pakwheels.com/used-cars/suzuki-alto-2023-for-sale-in-multan-11883879,https://img.youtube.com/vi/HqvvhspHH6w/sddefault.jpg,,genuine,genuine,genuine,genuine,genuine,genuine,genuine,genuine,genuine,genuine,genuine,1,0,0,0,0,0,1
PakWheels,Toyota Corolla  1986 DX for Sale,Toyota,Corolla,Standard,1986,38,434999,4.35,100000,Karachi,1300,Manual,Cng,https://www.pakwheels.com/used-cars/toyota-corolla-1986-for-sale-in-karachi-12044447,https://cache2.pakwheels.com/ad_pictures/1521/tn_toyota-corolla-dx-1986-152139997.webp,,genuine,genuine,genuine,genuine,genuine,genuine,genuine,genuine,genuine,genuine,genuine,1,0,0,0,0,0,1
PakWheels,Honda City 5th (GM2) Generation 2019 1.3 i-VTEC for Sale,Honda,City,i-VTEC,2019,5,3720000,37.2,96000,Islamabad,1300,Manual,Petrol,https://www.pakwheels.com/used-cars/honda-city-2019-for-sale-in-islamabad-12044552,https://cache4.pakwheels.com/ad_pictures/1521/tn_honda-city-i-vtec-2-2019-152141661.webp,,genuine,genuine,genuine,genuine,genuine,genuine,genuine,genuine,genuine,genuine,genuine,1,0,0,0,0,0,1
PakWheels,Toyota Prado  2021 TX L Package 2.7 for Sale,Toyota,Prado,Standard,2021,3,25000000,250.0,40000,Karachi,2700,Automatic,Petrol,https://www.pakwheels.com/used-cars/toyota-prado-2021-for-sale-in-karachi-12044545,https://cache2.pakwheels.com/ad_pictures/1521/tn_toyota-prado-tx-l-package-2-7-2021-152141669.webp,,genuine,genuine,genuine,genuine,genuine,genuine,genuine,genuine,genuine,genuine,genuine,1,0,0,0,0,0,1
PakWheels,Suzuki Cultus  2008 VXRi for Sale,Suzuki,Cultus,VXR,2008,16,1100000,11.0,27456,Lahore,1000,Manual,Petrol,https://www.pakwheels.com/used-cars/suzuki-cultus-2008-for-sale-in-lahore-11907414,https://cache1.pakwheels.com/ad_pictures/1500/tn_suzuki-cultus-vxri-2-2008-150038436.webp,,genuine,genuine,genuine,genuine,genuine,genuine,genuine,genuine,genuine,genuine,genuine,1,0,0,0,0,0,1
PakWheels,Toyota Fortuner  2020 2.7 VVTi for Sale,Toyota,Fortuner,Standard,2020,4,12000000,120.0,70000,Lahore,2700,Automatic,Petrol,https://www.pakwheels.com/used-cars/toyota-fortuner-2020-for-sale-in-lahore-12044535,https://cache2.pakwheels.com/ad_pictures/1521/tn_toyota-fortuner-2-7-automatic-2020-152141467.webp,,genuine,genuine,genuine,genuine,genuine,genuine,genuine,genuine,genuine,genuine,genuine,1,0,0,0,0,0,1
PakWheels,Mercedes Benz GLS Class  2015  for Sale,Mercedes,Benz,ES,2015,9,32500000,325.0,123928,Faisalabad,3000,Automatic,Petrol,https://www.pakwheels.com/used-cars/mercedes-benz-gls-class-2015-for-sale-in-faisalabad-11974680,https://cache3.pakwheels.com/ad_pictures/1510/tn_mercedes-benz-gls-class-gls450-2015-151069508.webp,,genuine,genuine,genuine,genuine,genuine,genuine,genuine,genuine,genuine,genuine,genuine,1,0,0,0,0,0,1
PakWheels,Suzuki Mehran  2016 VXR Euro II for Sale,Suzuki,Mehran,VXR,2016,8,1575000,15.75,49000,Lahore,796,Manual,Petrol,https://www.pakwheels.com/used-cars/suzuki-mehran-2016-for-sale-in-gujrat-12044640,https://cache1.pakwheels.com/ad_pictures/1521/tn_suzuki-mehran-vxr-euro-ii-2016-152143023.webp,,genuine,genuine,genuine,genuine,genuine,genuine,genuine,genuine,genuine,genuine,genuine,1,0,0,0,0,0,1
PakWheels,Honda Civic 11th (FE) Generation 2025 RS for Sale,Honda,Civic,Standard,2025,0,9500000,95.0,19800,Multan,1500,Automatic,Petrol,https://www.pakwheels.com/used-cars/honda-civic-2025-for-sale-in-multan-12044506,https://cache4.pakwheels.com/ad_pictures/1521/tn_honda-civic-civic-rs-2025-152141123.webp,,genuine,genuine,genuine,genuine,genuine,genuine,genuine,genuine,genuine,genuine,genuine,1,0,0,0,0,0,1
PakWheels,Toyota Vitz  2014 F 1.0 for Sale,Toyota,Vitz,Standard,2014,10,3100000,31.0,246552,Lahore,1000,Automatic,Petrol,https://www.pakwheels.com/used-cars/toyota-vitz-2014-for-sale-in-lahore-12044637,https://cache3.pakwheels.com/ad_pictures/1521/tn_toyota-vitz-1-0-f-2014-152143004.webp,,genuine,genuine,genuine,genuine,genuine,genuine,genuine,genuine,genuine,genuine,genuine,1,0,0,0,0,0,1
PakWheels,Suzuki Mehran  2026  for Sale,Suzuki,Mehran,Standard,2026,0,670000,6.7,50000,Karachi,800,Manual,Petrol,https://www.pakwheels.com/used-cars/suzuki-mehran-2026-for-sale-in-karachi-12044625,https://cache1.pakwheels.com/ad_pictures/1521/tn_suzuki-mehran-2026-152142533.webp,,genuine,genuine,genuine,genuine,genuine,genuine,genuine,genuine,genuine,genuine,genuine,1,0,0,0,0,0,1
PakWheels,KIA Sportage  2020 FWD for Sale,KIA,Sportage,FWD,2020,4,6850000,68.5,76380,Lahore,2000,Automatic,Petrol,https://www.pakwheels.com/used-cars/kia-sportage-2020-for-sale-in-sambrial-12044634,https://cache1.pakwheels.com/ad_pictures/1521/tn_kia-sportage-fwd-2020-152142879.webp,,genuine,genuine,genuine,genuine,genuine,genuine,genuine,genuine,genuine,genuine,genuine,1,0,0,0,0,0,1
PakWheels,Honda Civic Rebirth (FB) 2014 VTi Oriel Prosmatec 1.8 i-VTEC for Sale,Honda,Civic,VTi Oriel,2014,10,3800000,38.0,220000,Rawalpindi,1800,Automatic,Petrol,https://www.pakwheels.com/used-cars/honda-civic-2014-for-sale-in-rawalpindi-12044596,https://cache2.pakwheels.com/ad_pictures/1521/tn_honda-civic-vti-1-8-i-vtec-oriel-prosmatec-2014-152142354.webp,,genuine,genuine,genuine,genuine,genuine,genuine,genuine,genuine,genuine,genuine,genuine,1,0,0,0,0,0,1
PakWheels,Honda Civic  2022  for Sale,Honda,Civic,Standard,2022,2,7500000,75.0,31000,Lahore,1500,Automatic,Petrol,https://www.pakwheels.com/used-cars/honda-civic-2022-for-sale-in-lahore-12044633,https://cache4.pakwheels.com/ad_pictures/1521/tn_honda-civic-2022-152142982.webp,,genuine,genuine,genuine,genuine,genuine,genuine,genuine,genuine,genuine,genuine,genuine,1,0,0,0,0,0,1
PakWheels,Suzuki Cultus  2005 VXR for Sale,Suzuki,Cultus,VXR,2005,19,850000,8.5,150000,Rawalpindi,1000,Manual,Petrol,https://www.pakwheels.com/used-cars/suzuki-cultus-2005-for-sale-in-rawalpindi-12044632,https://cache1.pakwheels.com/ad_pictures/1521/tn_suzuki-cultus-vxr-2005-152142884.webp,,genuine,genuine,genuine,genuine,genuine,genuine,genuine,genuine,genuine,genuine,genuine,1,0,0,0,0,0,1
PakWheels,Honda Civic  2001 VTi Oriel Prosmatec 1.6 for Sale,Honda,Civic,VTi Oriel,2001,23,1450000,14.5,2,Lahore,1600,Automatic,Petrol,https://www.pakwheels.com/used-cars/honda-civic-2001-for-sale-in-mandi-bahauddin-12044626,https://cache3.pakwheels.com/ad_pictures/1521/tn_honda-civic-vti-oriel-prosmatec-2001-152142531.webp,,genuine,genuine,genuine,genuine,genuine,genuine,genuine,genuine,genuine,genuine,genuine,1,0,0,0,0,0,1
PakWheels,Suzuki Ravi  1992 Standard for Sale,Suzuki,Ravi,Standard,1992,32,750000,7.5,10000,Islamabad,800,Manual,Petrol,https://www.pakwheels.com/used-cars/suzuki-ravi-1992-for-sale-in-islamabad-12044622,https://cache4.pakwheels.com/ad_pictures/1521/tn_suzuki-ravi-standard-5-1992-152142337.webp,,genuine,genuine,genuine,genuine,genuine,genuine,genuine,genuine,genuine,genuine,genuine,1,0,0,0,0,0,1
PakWheels,Toyota Surf  1995 SSR-G 3.4 for Sale,Toyota,Corolla,Standard,1995,29,4700000,47.0,158000,Islamabad,3400,Automatic,Petrol,https://www.pakwheels.com/used-cars/toyota-surf-1995-for-sale-in-islamabad-12044628,https://cache3.pakwheels.com/ad_pictures/1521/tn_toyota-surf-ssr-g-3-4-1995-152142596.webp,,genuine,genuine,genuine,genuine,genuine,genuine,genuine,genuine,genuine,genuine,genuine,1,0,0,0,0,0,1
PakWheels,Honda Grace Hybrid 6th (GM4) Generation 2015 DX for Sale,Honda,Corolla,Standard,2015,9,4585000,45.85,73203,Rawalpindi,1500,Automatic,Hybrid,https://www.pakwheels.com/used-cars/honda-grace-hybrid-2015-for-sale-in-rawalpindi-12044494,https://cache3.pakwheels.com/ad_pictures/1521/tn_honda-grace-2-dx-5-2015-152140395.webp,,genuine,genuine,genuine,genuine,genuine,genuine,genuine,genuine,genuine,genuine,genuine,1,0,0,0,0,0,1
PakWheels,Toyota Vitz  2015 F 1.0 for Sale,Toyota,Vitz,Standard,2015,9,3650000,36.5,145000,Lahore,1000,Automatic,Petrol,https://www.pakwheels.com/used-cars/toyota-vitz-2015-for-sale-in-mardan-12044624,https://cache4.pakwheels.com/ad_pictures/1521/tn_toyota-vitz-1-0-f-2015-152142562.webp,,genuine,genuine,genuine,genuine,genuine,genuine,genuine,genuine,genuine,genuine,genuine,1,0,0,0,0,0,1
PakWheels,Suzuki Mehran  2007 VXR for Sale,Suzuki,Mehran,VXR,2007,17,375000,3.75,85000,Lahore,800,Manual,Petrol,https://www.pakwheels.com/used-cars/suzuki-mehran-2007-for-sale-in-lahore-12044623,https://cache3.pakwheels.com/ad_pictures/1521/tn_suzuki-mehran-vxr-2-2007-152142845.webp,,genuine,genuine,genuine,genuine,genuine,genuine,genuine,genuine,genuine,genuine,genuine,1,0,0,0,0,0,1
PakWheels,Toyota Vitz  2000 F 1.0 for Sale,Toyota,Vitz,Standard,2000,24,1950000,19.5,284089,Islamabad,1000,Manual,Petrol,https://www.pakwheels.com/used-cars/toyota-vitz-2000-for-sale-in-islamabad-12019436,https://cache1.pakwheels.com/ad_pictures/1517/tn_toyota-vitz-1-0-f-2000-151756863.webp,,genuine,genuine,genuine,genuine,genuine,genuine,genuine,genuine,genuine,genuine,genuine,1,0,0,0,0,0,1
PakWheels,Suzuki Alto  2026 VXR Upgraded for Sale,Suzuki,Alto,VXR,2026,0,3110000,31.1,40,Karachi,660,Manual,Petrol,https://www.pakwheels.com/used-cars/suzuki-alto-2026-for-sale-in-karachi-11944548,https://cache1.pakwheels.com/ad_pictures/1506/tn_suzuki-alto-vxr-upgraded-2026-150602642.webp,,genuine,genuine,genuine,genuine,genuine,genuine,genuine,genuine,genuine,genuine,genuine,1,0,0,0,0,0,1
PakWheels,Suzuki Alto  2008 GII for Sale,Suzuki,Alto,Standard,2008,16,1789999,17.9,140000,Islamabad,660,Automatic,Petrol,https://www.pakwheels.com/used-cars/suzuki-alto-2008-for-sale-in-islamabad-12038510,https://cache1.pakwheels.com/ad_pictures/1520/tn_suzuki-alto-gii-2008-152054052.webp,,genuine,genuine,genuine,genuine,genuine,genuine,genuine,genuine,genuine,genuine,genuine,1,0,0,0,0,0,1
PakWheels,Hyundai Elantra  2024 GLS for Sale,Hyundai,Elantra,Standard,2024,0,6600000,66.0,65000,Faisalabad,2000,Automatic,Petrol,https://www.pakwheels.com/used-cars/hyundai-elantra-2024-for-sale-in-faisalabad-12044620,https://cache2.pakwheels.com/ad_pictures/1521/tn_hyundai-elantra-gls-9-2024-152142514.webp,,genuine,genuine,genuine,genuine,genuine,genuine,genuine,genuine,genuine,genuine,genuine,1,0,0,0,0,0,1
PakWheels,Suzuki Wagon R  2019 VXR for Sale,Suzuki,Wagon R,VXR,2019,5,2630000,26.3,100000,Lahore,1000,Manual,Petrol,https://www.pakwheels.com/used-cars/suzuki-wagon-r-2019-for-sale-in-toba-tek-singh-12044614,https://cache2.pakwheels.com/ad_pictures/1521/tn_suzuki-wagon-r-vxr-2019-152142629.webp,,genuine,genuine,genuine,genuine,genuine,genuine,genuine,genuine,genuine,genuine,genuine,1,0,0,0,0,0,1
PakWheels,Suzuki Swift  2017 DLX Automatic 1.3 Navigation for Sale,Suzuki,Swift,DLX,2017,7,2850000,28.5,76774,Islamabad,1300,Automatic,Petrol,https://www.pakwheels.com/used-cars/suzuki-swift-2017-for-sale-in-islamabad-11907499,https://cache3.pakwheels.com/ad_pictures/1500/tn_suzuki-swift-dlx-automatic-1-3-navigation-2017-150039744.webp,,genuine,genuine,genuine,genuine,genuine,genuine,genuine,genuine,genuine,genuine,genuine,1,0,0,0,0,0,1
PakWheels,Toyota Corolla  2019 GLi Automatic 1.3 VVTi for Sale,Toyota,Corolla,Standard,2019,5,4550000,45.5,84065,Karachi,1300,Automatic,Petrol,https://www.pakwheels.com/used-cars/toyota-corolla-2019-for-sale-in-karachi-12044613,https://cache4.pakwheels.com/ad_pictures/1521/tn_toyota-corolla-gli-vvti-automatic-2019-152141625.webp,,genuine,genuine,genuine,genuine,genuine,genuine,genuine,genuine,genuine,genuine,genuine,1,0,0,0,0,0,1
PakWheels,Honda City  2007 VTEC Steermatic for Sale,Honda,City,Standard,2007,17,1950000,19.5,75000,Islamabad,1500,Automatic,Petrol,https://www.pakwheels.com/used-cars/honda-city-2007-for-sale-in-islamabad-12044610,https://cache3.pakwheels.com/ad_pictures/1521/tn_honda-city-vtec-steermatic-2007-152142390.webp,,genuine,genuine,genuine,genuine,genuine,genuine,genuine,genuine,genuine,genuine,genuine,1,0,0,0,0,0,1
PakWheels,Prince Pearl  2022 MT for Sale,Toyota,Corolla,Standard,2022,2,1230000,12.3,20000,Lahore,800,Manual,Petrol,https://www.pakwheels.com/used-cars/prince-pearl-2022-for-sale-in-lahore-12043571,https://cache3.pakwheels.com/ad_pictures/1521/tn_prince-pearl-mt-2022-152127350.webp,,genuine,genuine,genuine,genuine,genuine,genuine,genuine,genuine,genuine,genuine,genuine,1,0,0,0,0,0,1
PakWheels,Tank 500  2026 PHEV for Sale,Toyota,Corolla,Standard,2026,0,13400000,134.0,4000,Islamabad,2000,Automatic,Petrol,https://www.pakwheels.com/used-cars/tank-500-2026-for-sale-in-islamabad-12043482,https://cache4.pakwheels.com/ad_pictures/1521/tn_tank-500-phev-5-2026-152125468.webp,,genuine,genuine,genuine,genuine,genuine,genuine,genuine,genuine,genuine,genuine,genuine,1,0,0,0,0,0,1
PakWheels,KIA Sportage  2020 FWD for Sale,KIA,Sportage,FWD,2020,4,6550000,65.5,82350,Sialkot,2000,Automatic,Petrol,https://www.pakwheels.com/used-cars/kia-sportage-2020-for-sale-in-sialkot-12044598,https://cache4.pakwheels.com/ad_pictures/1521/tn_kia-sportage-fwd-2020-152142309.webp,,genuine,genuine,genuine,genuine,genuine,genuine,genuine,genuine,genuine,genuine,genuine,1,0,0,0,0,0,1
PakWheels,Jaecoo J5  2026 Premium for Sale,Toyota,Corolla,Standard,2026,0,8000000,80.0,1,Karachi,1500,Automatic,Hybrid,https://www.pakwheels.com/used-cars/jaecoo-j5-2026-for-sale-in-karachi-12044505,https://cache2.pakwheels.com/ad_pictures/1521/tn_jaecoo-j5-premium-20-2026-152140871.webp,,genuine,genuine,genuine,genuine,genuine,genuine,genuine,genuine,genuine,genuine,genuine,1,0,0,0,0,0,1
PakWheels,Toyota Hilux  2021 Revo V Automatic 2.8 for Sale,Toyota,Hilux,Standard,2021,3,12100000,121.0,48000,Karachi,2800,Automatic,Diesel,https://www.pakwheels.com/used-cars/toyota-hilux-2021-for-sale-in-karachi-12044488,https://cache1.pakwheels.com/ad_pictures/1521/tn_toyota-hilux-revo-v-automatic-2-8-2021-152140722.webp,,genuine,genuine,genuine,genuine,genuine,genuine,genuine,genuine,genuine,genuine,genuine,1,0,0,0,0,0,1
PakWheels,Toyota Passo  2012 X L Package for Sale,Toyota,Passo,Standard,2012,12,2100000,21.0,140250,Karachi,1000,Automatic,Petrol,https://www.pakwheels.com/used-cars/toyota-passo-2012-for-sale-in-karachi-12043781,https://cache2.pakwheels.com/ad_pictures/1521/tn_toyota-passo-x-l-package-2012-152128922.webp,,genuine,genuine,genuine,genuine,genuine,genuine,genuine,genuine,genuine,genuine,genuine,1,0,0,0,0,0,1
PakWheels,Toyota Hilux  2021 Revo V Automatic 2.8 for Sale,Toyota,Hilux,Standard,2021,3,11800000,118.0,41123,Karachi,2800,Automatic,Diesel,https://www.pakwheels.com/used-cars/toyota-hilux-2021-for-sale-in-karachi-11960965,https://cache4.pakwheels.com/ad_pictures/1508/tn_toyota-hilux-revo-v-automatic-2-8-2021-150852972.webp,,genuine,genuine,genuine,genuine,genuine,genuine,genuine,genuine,genuine,genuine,genuine,1,0,0,0,0,0,1
PakWheels,Honda City 6th (GM4) Generation 2022 1.2L CVT for Sale,Honda,City,Standard,2022,2,4060000,40.6,94118,Karachi,1200,Automatic,Petrol,https://www.pakwheels.com/used-cars/honda-city-2022-for-sale-in-karachi-11805041,https://cache2.pakwheels.com/ad_pictures/1484/tn_honda-city-1-2l-cvt-2022-148472265.webp,,genuine,genuine,genuine,genuine,genuine,genuine,genuine,genuine,genuine,genuine,genuine,1,0,0,0,0,0,1
PakWheels,Honda Civic Rebirth (FB) 2016 Oriel Prosmatec UG for Sale,Honda,Civic,Rebirth,2016,8,4350000,43.5,140000,Islamabad,1800,Automatic,Petrol,https://www.pakwheels.com/used-cars/honda-civic-2016-for-sale-in-islamabad-12044526,https://cache3.pakwheels.com/ad_pictures/1521/tn_honda-civic-oriel-prosmatec-ug-2016-152141408.webp,,genuine,genuine,genuine,genuine,genuine,genuine,genuine,genuine,genuine,genuine,genuine,1,0,0,0,0,0,1
PakWheels,Nissan Roox  2020 S Hybrid for Sale,Nissan,Corolla,Standard,2020,4,3100000,31.0,75201,Multan,660,Automatic,Hybrid,https://www.pakwheels.com/used-cars/nissan-roox-2020-for-sale-in-multan-11998372,https://cache2.pakwheels.com/ad_pictures/1514/tn_nissan-roox-s-hybrid-2-2020-151431771.webp,,genuine,genuine,genuine,genuine,genuine,genuine,genuine,genuine,genuine,genuine,genuine,1,0,0,0,0,0,1
PakWheels,Honda N Box  2022 Slash X Turbo Package for Sale,Honda,Corolla,Standard,2022,2,3500000,35.0,58000,Islamabad,660,Automatic,Petrol,https://www.pakwheels.com/used-cars/honda-n-box-2022-for-sale-in-islamabad-12044513,https://cache2.pakwheels.com/ad_pictures/1521/tn_honda-n-box-x-turbo-package-2022-152141222.webp,,genuine,genuine,genuine,genuine,genuine,genuine,genuine,genuine,genuine,genuine,genuine,1,0,0,0,0,0,1
PakWheels,Haval H6  2025 HEV for Sale,Haval,H6,Standard,2025,0,11399999,114.0,32121,Islamabad,1500,Automatic,Hybrid,https://www.pakwheels.com/used-cars/haval-h6-2025-for-sale-in-islamabad-12020472,https://cache1.pakwheels.com/ad_pictures/1517/tn_haval-h6-hev-2025-151775205.webp,,genuine,genuine,genuine,genuine,genuine,genuine,genuine,genuine,genuine,genuine,genuine,1,0,0,0,0,0,1
PakWheels,Hyundai Sonata  2021 2.5 for Sale,Hyundai,Sonata,Standard,2021,3,7350000,73.5,71900,Lahore,2500,Automatic,Petrol,https://www.pakwheels.com/used-cars/hyundai-sonata-2021-for-sale-in-lahore-12043706,https://cache2.pakwheels.com/ad_pictures/1521/tn_hyundai-sonata-2-5-2-2021-152128059.webp,,genuine,genuine,genuine,genuine,genuine,genuine,genuine,genuine,genuine,genuine,genuine,1,0,0,0,0,0,1
PakWheels,Suzuki Fronx  2026 GLX A/T Mono Tone for Sale,Suzuki,Corolla,Standard,2026,0,6426000,64.26,50,Lahore,1500,Automatic,Hybrid,https://www.pakwheels.com/used-cars/suzuki-fronx-2026-for-sale-in-lahore-12041530,https://cache4.pakwheels.com/ad_pictures/1520/tn_suzuki-fronx-glx-a-t-mono-tone-2026-152096149.webp,,genuine,genuine,genuine,genuine,genuine,genuine,genuine,genuine,genuine,genuine,genuine,1,0,0,0,0,0,1
PakWheels,Honda HR-V  2026 VTi-S for Sale,Honda,HR-V,Standard,2026,0,9250000,92.5,24,Islamabad,1500,Automatic,Hybrid,https://www.pakwheels.com/used-cars/honda-hr-v-2026-for-sale-in-islamabad-12044503,https://cache3.pakwheels.com/ad_pictures/1521/tn_honda-hr-v-vti-s-2026-152140935.webp,,genuine,genuine,genuine,genuine,genuine,genuine,genuine,genuine,genuine,genuine,genuine,1,0,0,0,0,0,1
PakWheels,Honda Civic Reborn (FD) 2007 VTi Oriel Prosmatec 1.8 i-VTEC for Sale,Honda,Civic,VTi Oriel,2007,17,2150000,21.5,101010,Lahore,1800,Automatic,Petrol,https://www.pakwheels.com/used-cars/honda-civic-2007-for-sale-in-lahore-12044604,https://cache1.pakwheels.com/ad_pictures/1521/tn_honda-civic-vti-1-8-i-vtec-oriel-prosmatec-2007-152142515.webp,,genuine,genuine,genuine,genuine,genuine,genuine,genuine,genuine,genuine,genuine,genuine,1,0,0,0,0,0,1
PakWheels,Nissan Sunny  1992  for Sale,Nissan,Sunny,Standard,1992,32,850000,8.5,5000,Islamabad,1500,Manual,Petrol,https://www.pakwheels.com/used-cars/nissan-sunny-1992-for-sale-in-islamabad-11901747,https://cache4.pakwheels.com/ad_pictures/1499/tn_nissan-sunny-1992-149948584.webp,,genuine,genuine,genuine,genuine,genuine,genuine,genuine,genuine,genuine,genuine,genuine,1,0,0,0,0,0,1
PakWheels,Suzuki Swift  2022 GL CVT for Sale,Suzuki,Swift,Standard,2022,2,4050000,40.5,59000,Lahore,1200,Automatic,Petrol,https://www.pakwheels.com/used-cars/suzuki-swift-2022-for-sale-in-mandi-bahauddin-12044602,https://cache1.pakwheels.com/ad_pictures/1521/tn_suzuki-swift-gl-cvt-2022-152141991.webp,,genuine,genuine,genuine,genuine,genuine,genuine,genuine,genuine,genuine,genuine,genuine,1,0,0,0,0,0,1
PakWheels,Proton X70  2022 Premium FWD for Sale,Proton,X70,FWD,2022,2,5200000,52.0,42000,Karachi,1500,Automatic,Petrol,https://www.pakwheels.com/used-cars/proton-x70-2022-for-sale-in-karachi-12044601,https://cache2.pakwheels.com/ad_pictures/1521/tn_proton-x70-premium-fwd-2022-152142456.webp,,genuine,genuine,genuine,genuine,genuine,genuine,genuine,genuine,genuine,genuine,genuine,1,0,0,0,0,0,1
PakWheels,Subaru Pleo  2008 A for Sale,Toyota,Corolla,Standard,2008,16,1200000,12.0,150000,Karachi,660,Automatic,Petrol,https://www.pakwheels.com/used-cars/subaru-pleo-2008-for-sale-in-karachi-12044600,https://cache3.pakwheels.com/ad_pictures/1521/tn_subaru-pleo-a-2-2008-152142328.webp,,genuine,genuine,genuine,genuine,genuine,genuine,genuine,genuine,genuine,genuine,genuine,1,0,0,0,0,0,1
PakWheels,Suzuki Baleno  1999 GLi P for Sale,Suzuki,Corolla,Standard,1999,25,1350000,13.5,250000,Islamabad,1300,Manual,Petrol,https://www.pakwheels.com/used-cars/suzuki-baleno-1999-for-sale-in-islamabad-12044599,https://cache2.pakwheels.com/ad_pictures/1521/tn_suzuki-baleno-gli-p-1999-152142473.webp,,genuine,genuine,genuine,genuine,genuine,genuine,genuine,genuine,genuine,genuine,genuine,1,0,0,0,0,0,1
PakWheels,Daihatsu Mira  2014 L for Sale,Daihatsu,Mira,Standard,2014,10,2350000,23.5,74576,Karachi,660,Automatic,Petrol,https://www.pakwheels.com/used-cars/daihatsu-mira-2014-for-sale-in-karachi-11858453,https://cache3.pakwheels.com/ad_pictures/1492/tn_daihatsu-mira-x-8-2014-149286683.webp,,genuine,genuine,genuine,genuine,genuine,genuine,genuine,genuine,genuine,genuine,genuine,1,0,0,0,0,0,1
PakWheels,Toyota Premio  2010 F 1.5 for Sale,Toyota,Corolla,Standard,2010,14,3700000,37.0,97536,Karachi,1500,Automatic,Petrol,https://www.pakwheels.com/used-cars/toyota-premio-2010-for-sale-in-karachi-11818975,https://cache4.pakwheels.com/ad_pictures/1486/tn_toyota-premio-1-5l-f-2010-148685572.webp,,genuine,genuine,genuine,genuine,genuine,genuine,genuine,genuine,genuine,genuine,genuine,1,0,0,0,0,0,1
PakWheels,Hyundai Santro  2004 Exec for Sale,Hyundai,Corolla,Standard,2004,20,1100000,11.0,144000,Lahore,1000,Manual,Petrol,https://www.pakwheels.com/used-cars/hyundai-santro-2004-for-sale-in-lahore-12044595,https://cache1.pakwheels.com/ad_pictures/1521/tn_hyundai-santro-exec-2-2004-152142356.webp,,genuine,genuine,genuine,genuine,genuine,genuine,genuine,genuine,genuine,genuine,genuine,1,0,0,0,0,0,1
PakWheels,Haval H6  2025 1.5T for Sale,Haval,H6,Standard,2025,0,9500000,95.0,17100,Lahore,1500,Automatic,Petrol,https://www.pakwheels.com/used-cars/haval-h6-2025-for-sale-in-lahore-12044301,https://cache2.pakwheels.com/ad_pictures/1521/tn_haval-h6-1-5t-2025-152137907.webp,,genuine,genuine,genuine,genuine,genuine,genuine,genuine,genuine,genuine,genuine,genuine,1,0,0,0,0,0,1
PakWheels,Honda Civic  2002 VTi 1.6 for Sale,Honda,Civic,Standard,2002,22,1285000,12.85,175000,Lahore,1600,Manual,Petrol,https://www.pakwheels.com/used-cars/honda-civic-2002-for-sale-in-lahore-12044592,https://cache1.pakwheels.com/ad_pictures/1521/tn_honda-civic-vti-1-6-2002-152141696.webp,,genuine,genuine,genuine,genuine,genuine,genuine,genuine,genuine,genuine,genuine,genuine,1,0,0,0,0,0,1
PakWheels,Toyota Vitz  2018  for Sale,Toyota,Vitz,Standard,2018,6,3700000,37.0,116200,Lahore,1000,Automatic,Petrol,https://www.pakwheels.com/used-cars/toyota-vitz-2018-for-sale-in-lahore-12044591,https://cache2.pakwheels.com/ad_pictures/1521/tn_toyota-vitz-2018-152142279.webp,,genuine,genuine,genuine,genuine,genuine,genuine,genuine,genuine,genuine,genuine,genuine,1,0,0,0,0,0,1
PakWheels,Toyota Corolla  2011 GLi Automatic 1.6 VVTi for Sale,Toyota,Corolla,Standard,2011,13,3000000,30.0,145628,Lahore,1600,Automatic,Petrol,https://www.pakwheels.com/used-cars/toyota-corolla-2011-for-sale-in-jehangira-11497864,https://cache1.pakwheels.com/ad_pictures/1438/tn_toyota-corolla-1-6-gli-automatic-2011-143811626.webp,,genuine,genuine,genuine,genuine,genuine,genuine,genuine,genuine,genuine,genuine,genuine,1,0,0,0,0,0,1
PakWheels,DFSK Glory 580  2021 Pro for Sale,DFSK,Glory,Standard,2021,3,4000000,40.0,73135,Multan,1500,Automatic,Petrol,https://www.pakwheels.com/used-cars/dfsk-glory-580-2021-for-sale-in-multan-12029680,https://cache3.pakwheels.com/ad_pictures/1519/tn_dfsk-glory-580-pro-2021-151916988.webp,,genuine,genuine,genuine,genuine,genuine,genuine,genuine,genuine,genuine,genuine,genuine,1,0,0,0,0,0,1
PakWheels,Honda BR-V  2022 i-VTEC S for Sale,Honda,BR-V,i-VTEC,2022,2,6650000,66.5,76000,Lahore,1500,Automatic,Petrol,https://www.pakwheels.com/used-cars/honda-br-v-2022-for-sale-in-dina-12044585,https://cache1.pakwheels.com/ad_pictures/1521/tn_honda-br-v-i-vtec-s-2022-152142004.webp,,genuine,genuine,genuine,genuine,genuine,genuine,genuine,genuine,genuine,genuine,genuine,1,0,0,0,0,0,1
PakWheels,Mitsubishi Lancer  2006  for Sale,Toyota,Corolla,Standard,2006,18,1700000,17.0,170000,Islamabad,1600,Manual,Petrol,https://www.pakwheels.com/used-cars/mitsubishi-lancer-2006-for-sale-in-islamabad-11918502,https://cache4.pakwheels.com/ad_pictures/1502/tn_mitsubishi-lancer-2006-150208475.webp,,genuine,genuine,genuine,genuine,genuine,genuine,genuine,genuine,genuine,genuine,genuine,1,0,0,0,0,0,1
PakWheels,Honda City 5th (GM2) Generation 2010 1.3 i-VTEC Prosmatec for Sale,Honda,City,i-VTEC,2010,14,2350000,23.5,62147,Islamabad,1300,Automatic,Petrol,https://www.pakwheels.com/used-cars/honda-city-2010-for-sale-in-islamabad-12036189,https://cache2.pakwheels.com/ad_pictures/1520/tn_honda-city-i-vtec-prosmatec-2010-152017131.webp,,genuine,genuine,genuine,genuine,genuine,genuine,genuine,genuine,genuine,genuine,genuine,1,0,0,0,0,0,1
PakWheels,Toyota Prius  2017 PHV (Plug In Hybrid) for Sale,Toyota,Prius,Standard,2017,7,7550000,75.5,67743,Rawalpindi,1800,Automatic,Petrol,https://www.pakwheels.com/used-cars/toyota-prius-2017-for-sale-in-rawalpindi-11974952,https://cache4.pakwheels.com/ad_pictures/1510/tn_toyota-prius-phv-plug-in-hybrid-2017-151074010.webp,,genuine,genuine,genuine,genuine,genuine,genuine,genuine,genuine,genuine,genuine,genuine,1,0,0,0,0,0,1
PakWheels,Suzuki Mehran  2003 VXR (CNG) for Sale,Suzuki,Mehran,VXR,2003,21,550000,5.5,315217,Lahore,800,Manual,Petrol,https://www.pakwheels.com/used-cars/suzuki-mehran-2003-for-sale-in-larkana-12044580,https://cache3.pakwheels.com/ad_pictures/1521/tn_suzuki-mehran-vxr-cng-4-2003-152141627.webp,,genuine,genuine,genuine,genuine,genuine,genuine,genuine,genuine,genuine,genuine,genuine,1,0,0,0,0,0,1
PakWheels,Toyota Corolla  2016 XLi VVTi for Sale,Toyota,Corolla,XLi,2016,8,3250000,32.5,50000,Karachi,1300,Manual,Petrol,https://www.pakwheels.com/used-cars/toyota-corolla-2016-for-sale-in-karachi-12044577,https://cache2.pakwheels.com/ad_pictures/1521/tn_toyota-corolla-xli-vvti-2016-152141452.webp,,genuine,genuine,genuine,genuine,genuine,genuine,genuine,genuine,genuine,genuine,genuine,1,0,0,0,0,0,1
PakWheels,Honda Civic  2021 Oriel 1.8 i-VTEC CVT for Sale,Honda,Civic,Oriel 1.8,2021,3,6200000,62.0,54500,Lahore,1800,Automatic,Petrol,https://www.pakwheels.com/used-cars/honda-civic-2021-for-sale-in-lahore-12025385,https://cache1.pakwheels.com/ad_pictures/1518/tn_honda-civic-oriel-1-8-i-vtec-cvt-2021-151851403.webp,,genuine,genuine,genuine,genuine,genuine,genuine,genuine,genuine,genuine,genuine,genuine,1,0,0,0,0,0,1
PakWheels,Toyota Yaris  2025 GLI CVT 1.3 for Sale,Toyota,Yaris,Standard,2025,0,4950000,49.5,26000,Lahore,1300,Automatic,Petrol,https://www.pakwheels.com/used-cars/toyota-yaris-2025-for-sale-in-jaranwala-12044573,https://cache4.pakwheels.com/ad_pictures/1521/tn_toyota-yaris-gli-cvt-1-3-2025-152141922.webp,,genuine,genuine,genuine,genuine,genuine,genuine,genuine,genuine,genuine,genuine,genuine,1,0,0,0,0,0,1
PakWheels,Honda City 5th (GM2) Generation 2018 1.3 i-VTEC Prosmatec for Sale,Honda,City,i-VTEC,2018,6,3595000,35.95,127000,Lahore,1300,Automatic,Petrol,https://www.pakwheels.com/used-cars/honda-city-2018-for-sale-in-lahore-12030509,https://cache3.pakwheels.com/ad_pictures/1519/tn_honda-city-i-vtec-prosmatec-2018-151928979.webp,,genuine,genuine,genuine,genuine,genuine,genuine,genuine,genuine,genuine,genuine,genuine,1,0,0,0,0,0,1
PakWheels,Toyota Corolla  2012 GLi 1.3 VVTi for Sale,Toyota,Corolla,GLi 1.3,2012,12,2300000,23.0,120000,Karachi,1300,Manual,Petrol,https://www.pakwheels.com/used-cars/toyota-corolla-2012-for-sale-in-karachi-12044575,https://cache4.pakwheels.com/ad_pictures/1521/tn_toyota-corolla-gli-vvti-2012-152142092.webp,,genuine,genuine,genuine,genuine,genuine,genuine,genuine,genuine,genuine,genuine,genuine,1,0,0,0,0,0,1
PakWheels,Suzuki Mehran  2009 VXR for Sale,Suzuki,Mehran,VXR,2009,15,690000,6.9,75000,Islamabad,800,Manual,Petrol,https://www.pakwheels.com/used-cars/suzuki-mehran-2009-for-sale-in-islamabad-12044572,https://cache2.pakwheels.com/ad_pictures/1521/tn_suzuki-mehran-vxr-2-2009-152141232.webp,,genuine,genuine,genuine,genuine,genuine,genuine,genuine,genuine,genuine,genuine,genuine,1,0,0,0,0,0,1
PakWheels,Honda City 5th (GM2) Generation 2016 Aspire 1.5 i-VTEC for Sale,Honda,City,Aspire 1.5,2016,8,3232000,32.32,201184,Islamabad,1500,Manual,Petrol,https://www.pakwheels.com/used-cars/honda-city-2016-for-sale-in-islamabad-11951802,https://cache4.pakwheels.com/ad_pictures/1507/tn_honda-city-aspire-2-2016-150712904.webp,,genuine,genuine,genuine,genuine,genuine,genuine,genuine,genuine,genuine,genuine,genuine,1,0,0,0,0,0,1
PakWheels,Toyota Prado  2020 TX L Package 2.7 for Sale,Toyota,Prado,Standard,2020,4,25500000,255.0,66000,Lahore,2700,Automatic,Petrol,https://www.pakwheels.com/used-cars/toyota-prado-2020-for-sale-in-lahore-10366307,https://cache2.pakwheels.com/ad_pictures/1446/tn_toyota-prado-tx-l-package-2-7-2020-144612267.webp,,genuine,genuine,genuine,genuine,genuine,genuine,genuine,genuine,genuine,genuine,genuine,1,0,0,0,0,0,1
PakWheels,Toyota Premio  2007 X L Package 1.8 for Sale,Toyota,Corolla,Standard,2007,17,4200000,42.0,130287,Lahore,1800,Automatic,Petrol,https://www.pakwheels.com/used-cars/toyota-premio-2007-for-sale-in-lahore-11947524,https://cache1.pakwheels.com/ad_pictures/1507/tn_toyota-premio-x-l-package-1-8-2007-150713053.webp,,genuine,genuine,genuine,genuine,genuine,genuine,genuine,genuine,genuine,genuine,genuine,1,0,0,0,0,0,1
PakWheels,Toyota Fortuner  2022 2.7 V for Sale,Toyota,Fortuner,Standard,2022,2,12700000,127.0,47101,Karachi,2700,Automatic,Petrol,https://www.pakwheels.com/used-cars/toyota-fortuner-2022-for-sale-in-karachi-12020458,https://cache3.pakwheels.com/ad_pictures/1517/tn_toyota-fortuner-2-7-v-2022-151775037.webp,,genuine,genuine,genuine,genuine,genuine,genuine,genuine,genuine,genuine,genuine,genuine,1,0,0,0,0,0,1
PakWheels,Toyota Hilux  2022 Revo Rocco for Sale,Toyota,Hilux,Revo Rocco,2022,2,14500000,145.0,26000,Karachi,2800,Automatic,Diesel,https://www.pakwheels.com/used-cars/toyota-hilux-2022-for-sale-in-karachi-12044495,https://cache3.pakwheels.com/ad_pictures/1521/tn_toyota-hilux-revo-rocco-2022-152141183.webp,,genuine,genuine,genuine,genuine,genuine,genuine,genuine,genuine,genuine,genuine,genuine,1,0,0,0,0,0,1
PakWheels,Suzuki Cultus  2021 VXL for Sale,Suzuki,Cultus,VXL,2021,3,3350000,33.5,55000,Lahore,1000,Manual,Petrol,https://www.pakwheels.com/used-cars/suzuki-cultus-2021-for-sale-in-lahore-12044486,https://cache1.pakwheels.com/ad_pictures/1521/tn_suzuki-cultus-vxl-2-2021-152140559.webp,,genuine,genuine,genuine,genuine,genuine,genuine,genuine,genuine,genuine,genuine,genuine,1,0,0,0,0,0,1
PakWheels,Toyota Land Cruiser  2023 ZX Gasoline 3.5L for Sale,Toyota,Land Cruiser,Standard,2023,1,65500000,655.0,6500,Karachi,3500,Automatic,Petrol,https://www.pakwheels.com/used-cars/toyota-land-cruiser-2023-for-sale-in-karachi-11839330,https://cache2.pakwheels.com/ad_pictures/1489/tn_toyota-land-cruiser-zx-gasoline-3-5l-2023-148997774.webp,,genuine,genuine,genuine,genuine,genuine,genuine,genuine,genuine,genuine,genuine,genuine,1,0,0,0,0,0,1
PakWheels,Toyota Mark X  2005 250G for Sale,Toyota,Corolla,Standard,2005,19,4800000,48.0,137977,Karachi,2500,Automatic,Petrol,https://www.pakwheels.com/used-cars/toyota-mark-x-2005-for-sale-in-karachi-11998276,https://cache3.pakwheels.com/ad_pictures/1514/tn_toyota-mark-x-250-g-l-package-2005-151429954.webp,,genuine,genuine,genuine,genuine,genuine,genuine,genuine,genuine,genuine,genuine,genuine,1,0,0,0,0,0,1
PakWheels,DFSK Glory 580  2022 Pro for Sale,DFSK,Glory,Standard,2022,2,5000000,50.0,57094,Faisalabad,1500,Automatic,Petrol,https://www.pakwheels.com/used-cars/dfsk-glory-580-2022-for-sale-in-faisalabad-12020448,https://cache1.pakwheels.com/ad_pictures/1517/tn_dfsk-glory-580-pro-2022-151774797.webp,,genuine,genuine,genuine,genuine,genuine,genuine,genuine,genuine,genuine,genuine,genuine,1,0,0,0,0,0,1
PakWheels,KIA Sportage  2021 FWD for Sale,KIA,Sportage,FWD,2021,3,6350000,63.5,71561,Faisalabad,2000,Automatic,Petrol,https://www.pakwheels.com/used-cars/kia-sportage-2021-for-sale-in-faisalabad-11904589,https://cache2.pakwheels.com/ad_pictures/1499/tn_kia-sportage-fwd-2021-149995989.webp,,genuine,genuine,genuine,genuine,genuine,genuine,genuine,genuine,genuine,genuine,genuine,1,0,0,0,0,0,1
PakWheels,Suzuki Every  2012 GA for Sale,Suzuki,Every,Standard,2012,12,1700000,17.0,84699,Karachi,660,Manual,Petrol,https://www.pakwheels.com/used-cars/suzuki-every-2012-for-sale-in-karachi-12020638,https://cache3.pakwheels.com/ad_pictures/1517/tn_suzuki-every-ga-2012-151778047.webp,,genuine,genuine,genuine,genuine,genuine,genuine,genuine,genuine,genuine,genuine,genuine,1,0,0,0,0,0,1
PakWheels,KIA Sportage  2024 FWD for Sale,KIA,Sportage,FWD,2024,0,8200000,82.0,12990,Islamabad,2000,Automatic,Petrol,https://www.pakwheels.com/used-cars/kia-sportage-2024-for-sale-in-islamabad-11998280,https://cache2.pakwheels.com/ad_pictures/1514/tn_kia-sportage-fwd-2024-151430017.webp,,genuine,genuine,genuine,genuine,genuine,genuine,genuine,genuine,genuine,genuine,genuine,1,0,0,0,0,0,1
PakWheels,Honda City 5th (GM2) Generation 2014 1.3 i-VTEC for Sale,Honda,City,i-VTEC,2014,10,2925000,29.25,93500,Lahore,1300,Manual,Petrol,https://www.pakwheels.com/used-cars/honda-city-2014-for-sale-in-lahore-11549905,https://cache1.pakwheels.com/ad_pictures/1445/tn_honda-city-i-vtec-2-2014-144597765.webp,,genuine,genuine,genuine,genuine,genuine,genuine,genuine,genuine,genuine,genuine,genuine,1,0,0,0,0,0,1
PakWheels,Toyota Succeed  2007 TX for Sale,Toyota,Corolla,Standard,2007,17,2556000,25.56,170000,Karachi,1500,Automatic,Petrol,https://www.pakwheels.com/used-cars/toyota-succeed-2007-for-sale-in-karachi-12044570,https://cache2.pakwheels.com/ad_pictures/1521/tn_toyota-succeed-1-5l-ul-2007-152141917.webp,,genuine,genuine,genuine,genuine,genuine,genuine,genuine,genuine,genuine,genuine,genuine,1,0,0,0,0,0,1
PakWheels,Honda City 5th (GM2) Generation 2018 Aspire Prosmatec 1.5 i-VTEC for Sale,Honda,City,i-VTEC,2018,6,4150000,41.5,80000,Islamabad,1500,Automatic,Petrol,https://www.pakwheels.com/used-cars/honda-city-2018-for-sale-in-islamabad-12043787,https://cache1.pakwheels.com/ad_pictures/1521/tn_honda-city-aspire-prosmatec-2018-152130180.webp,,genuine,genuine,genuine,genuine,genuine,genuine,genuine,genuine,genuine,genuine,genuine,1,0,0,0,0,0,1
PakWheels,Suzuki Swift  2019 DLX Automatic 1.3 Navigation for Sale,Suzuki,Swift,DLX,2019,5,3025000,30.25,68000,Rawalpindi,1300,Automatic,Petrol,https://www.pakwheels.com/used-cars/suzuki-swift-2019-for-sale-in-rawalpindi-12044553,https://cache2.pakwheels.com/ad_pictures/1521/tn_suzuki-swift-dlx-automatic-1-3-navigation-2019-152141358.webp,,genuine,genuine,genuine,genuine,genuine,genuine,genuine,genuine,genuine,genuine,genuine,1,0,0,0,0,0,1
PakWheels,Suzuki Mehran  2007 VXR for Sale,Suzuki,Mehran,VXR,2007,17,850000,8.5,575320,Islamabad,800,Manual,Petrol,https://www.pakwheels.com/used-cars/suzuki-mehran-2007-for-sale-in-islamabad-12019534,https://cache1.pakwheels.com/ad_pictures/1517/tn_suzuki-mehran-vxr-2-2007-151758570.webp,,genuine,genuine,genuine,genuine,genuine,genuine,genuine,genuine,genuine,genuine,genuine,1,0,0,0,0,0,1
PakWheels,Suzuki Wagon R  2022 VXL for Sale,Suzuki,Wagon R,VXL,2022,2,2850000,28.5,40000,Karachi,1000,Manual,Petrol,https://www.pakwheels.com/used-cars/suzuki-wagon-r-2022-for-sale-in-karachi-11992582,https://cache2.pakwheels.com/ad_pictures/1513/tn_suzuki-wagon-r-vxl-2022-151342309.webp,,genuine,genuine,genuine,genuine,genuine,genuine,genuine,genuine,genuine,genuine,genuine,1,0,0,0,0,0,1
PakWheels,Toyota Yaris  2025 GLI CVT 1.3 for Sale,Toyota,Yaris,Standard,2025,0,4950000,49.5,7500,Lahore,1300,Automatic,Petrol,https://www.pakwheels.com/used-cars/toyota-yaris-2025-for-sale-in-lahore-12044565,https://cache3.pakwheels.com/ad_pictures/1521/tn_toyota-yaris-gli-cvt-1-3-2025-152141972.webp,,genuine,genuine,genuine,genuine,genuine,genuine,genuine,genuine,genuine,genuine,genuine,1,0,0,0,0,0,1
PakWheels,Toyota Passo  2013 X for Sale,Toyota,Passo,Standard,2013,11,2650000,26.5,99000,Islamabad,1000,Automatic,Petrol,https://www.pakwheels.com/used-cars/toyota-passo-2013-for-sale-in-islamabad-12043827,https://cache4.pakwheels.com/ad_pictures/1521/tn_toyota-passo-1-0-x-2013-152130728.webp,,genuine,genuine,genuine,genuine,genuine,genuine,genuine,genuine,genuine,genuine,genuine,1,0,0,0,0,0,1
PakWheels,Toyota Corolla 9th (E120) Generation 2006 XLi for Sale,Toyota,Corolla,XLi,2006,18,1950000,19.5,70000,Lahore,1300,Manual,Petrol,https://www.pakwheels.com/used-cars/toyota-corolla-2006-for-sale-in-lahore-12044563,https://cache2.pakwheels.com/ad_pictures/1521/tn_toyota-corolla-xli-2-2006-152141597.webp,,genuine,genuine,genuine,genuine,genuine,genuine,genuine,genuine,genuine,genuine,genuine,1,0,0,0,0,0,1
PakWheels,Toyota Pixis Joy  2021  for Sale,Toyota,Corolla,Standard,2021,3,3450000,34.5,53293,Lahore,660,Automatic,Petrol,https://www.pakwheels.com/used-cars/toyota-pixis-joy-2021-for-sale-in-lahore-11951876,https://cache2.pakwheels.com/ad_pictures/1507/tn_toyota-raize-z-5-2021-150714282.webp,,genuine,genuine,genuine,genuine,genuine,genuine,genuine,genuine,genuine,genuine,genuine,1,0,0,0,0,0,1
PakWheels,Suzuki Wagon R  2015 VXL for Sale,Suzuki,Wagon R,VXL,2015,9,2050000,20.5,97000,Lahore,1000,Manual,Petrol,https://www.pakwheels.com/used-cars/suzuki-wagon-r-2015-for-sale-in-noorpur-nooranga-12044561,https://cache2.pakwheels.com/ad_pictures/1521/tn_suzuki-wagon-r-vxl-2015-152141227.webp,,genuine,genuine,genuine,genuine,genuine,genuine,genuine,genuine,genuine,genuine,genuine,1,0,0,0,0,0,1
PakWheels,KIA Picanto  2024 1.0 MT for Sale,KIA,Picanto,Standard,2024,0,3650000,36.5,10500,Lahore,1000,Manual,Petrol,https://www.pakwheels.com/used-cars/kia-picanto-2024-for-sale-in-chenab-nagar-12044560,https://cache1.pakwheels.com/ad_pictures/1521/tn_kia-picanto-1-0-mt-2024-152141945.webp,,genuine,genuine,genuine,genuine,genuine,genuine,genuine,genuine,genuine,genuine,genuine,1,0,0,0,0,0,1
PakWheels,Honda Civic Reborn (FD) 2011 VTi Prosmatec 1.8 i-VTEC for Sale,Honda,Civic,Reborn,2011,13,2400000,24.0,97500,Lahore,1800,Automatic,Petrol,https://www.pakwheels.com/used-cars/honda-civic-2011-for-sale-in-jhelum-12044558,https://cache2.pakwheels.com/ad_pictures/1521/tn_honda-civic-vti-1-8-i-vtec-prosmatec-2011-152141757.webp,,genuine,genuine,genuine,genuine,genuine,genuine,genuine,genuine,genuine,genuine,genuine,1,0,0,0,0,0,1
PakWheels,Suzuki Alto  2023 Hybrid S LED for Sale,Suzuki,Alto,Standard,2023,1,3850000,38.5,55599,Multan,660,Automatic,Hybrid,https://www.pakwheels.com/used-cars/suzuki-alto-2023-for-sale-in-multan-11883879,https://img.youtube.com/vi/HqvvhspHH6w/sddefault.jpg,,genuine,genuine,genuine,genuine,genuine,genuine,genuine,genuine,genuine,genuine,genuine,1,0,0,0,0,0,1
PakWheels,Suzuki Cultus  2016 Limited Edition for Sale,Suzuki,Cultus,Standard,2016,8,1650000,16.5,145000,Lahore,1000,Manual,Petrol,https://www.pakwheels.com/used-cars/suzuki-cultus-2016-for-sale-in-daharki-12044559,https://cache4.pakwheels.com/ad_pictures/1521/tn_suzuki-cultus-limited-edition-2-2016-152141818.webp,,genuine,genuine,genuine,genuine,genuine,genuine,genuine,genuine,genuine,genuine,genuine,1,0,0,0,0,0,1
PakWheels,Suzuki Alto Lapin  2021 X for Sale,Suzuki,Alto,Standard,2021,3,3300000,33.0,55000,Multan,660,Automatic,Hybrid,https://www.pakwheels.com/used-cars/suzuki-alto-lapin-2021-for-sale-in-multan-12044557,https://cache3.pakwheels.com/ad_pictures/1521/tn_suzuki-alto-lapin-x-10-2021-152141927.webp,,genuine,genuine,genuine,genuine,genuine,genuine,genuine,genuine,genuine,genuine,genuine,1,0,0,0,0,0,1
PakWheels,Toyota Corolla  2018 GLi Automatic 1.3 VVTi for Sale,Toyota,Corolla,Standard,2018,6,3825000,38.25,106000,Karachi,1300,Automatic,Petrol,https://www.pakwheels.com/used-cars/toyota-corolla-2018-for-sale-in-karachi-12044556,https://cache4.pakwheels.com/ad_pictures/1521/tn_toyota-corolla-gli-vvti-automatic-2018-152141802.webp,,genuine,genuine,genuine,genuine,genuine,genuine,genuine,genuine,genuine,genuine,genuine,1,0,0,0,0,0,1
PakWheels,Toyota Land Cruiser  1992 79 Series 30th Anniversary for Sale,Toyota,Land Cruiser,ES,1992,32,2850000,28.5,150000,Islamabad,3000,Manual,Diesel,https://www.pakwheels.com/used-cars/toyota-land-cruiser-1992-for-sale-in-islamabad-12044555,https://cache2.pakwheels.com/ad_pictures/1521/tn_toyota-land-cruiser-79-series-30th-anniversary-1992-152141600.webp,,genuine,genuine,genuine,genuine,genuine,genuine,genuine,genuine,genuine,genuine,genuine,1,0,0,0,0,0,1
PakWheels,Suzuki Wagon R  2011 Stingray Limited for Sale,Suzuki,Wagon R,Standard,2011,13,2275000,22.75,200000,Islamabad,660,Automatic,Petrol,https://www.pakwheels.com/used-cars/suzuki-wagon-r-2011-for-sale-in-islamabad-12044554,https://cache3.pakwheels.com/ad_pictures/1521/tn_suzuki-wagon-r-stingray-limited-2011-152141822.webp,,genuine,genuine,genuine,genuine,genuine,genuine,genuine,genuine,genuine,genuine,genuine,1,0,0,0,0,0,1
PakWheels,Suzuki Wagon R  2019 VXL for Sale,Suzuki,Wagon R,VXL,2019,5,2500000,25.0,100000,Lahore,1000,Manual,Petrol,https://www.pakwheels.com/used-cars/suzuki-wagon-r-2019-for-sale-in-lahore-11387052,https://cache3.pakwheels.com/ad_pictures/1420/tn_suzuki-wagon-r-vxl-2019-142091034.webp,,genuine,genuine,genuine,genuine,genuine,genuine,genuine,genuine,genuine,genuine,genuine,1,0,0,0,0,0,1
PakWheels,Honda Civic  2018 Oriel 1.8 i-VTEC CVT for Sale,Honda,Civic,Oriel 1.8,2018,6,4850000,48.5,70000,Lahore,1800,Automatic,Petrol,https://www.pakwheels.com/used-cars/honda-civic-2018-for-sale-in-lahore-12044541,https://cache3.pakwheels.com/ad_pictures/1521/tn_honda-civic-oriel-1-8-i-vtec-cvt-2018-152141448.webp,,genuine,genuine,genuine,genuine,genuine,genuine,genuine,genuine,genuine,genuine,genuine,1,0,0,0,0,0,1
PakWheels,Toyota Corolla  1986 DX for Sale,Toyota,Corolla,Standard,1986,38,434999,4.35,100000,Karachi,1300,Manual,Cng,https://www.pakwheels.com/used-cars/toyota-corolla-1986-for-sale-in-karachi-12044447,https://cache2.pakwheels.com/ad_pictures/1521/tn_toyota-corolla-dx-1986-152139997.webp,,genuine,genuine,genuine,genuine,genuine,genuine,genuine,genuine,genuine,genuine,genuine,1,0,0,0,0,0,1
PakWheels,Honda City 5th (GM2) Generation 2019 1.3 i-VTEC for Sale,Honda,City,i-VTEC,2019,5,3720000,37.2,96000,Islamabad,1300,Manual,Petrol,https://www.pakwheels.com/used-cars/honda-city-2019-for-sale-in-islamabad-12044552,https://cache4.pakwheels.com/ad_pictures/1521/tn_honda-city-i-vtec-2-2019-152141661.webp,,genuine,genuine,genuine,genuine,genuine,genuine,genuine,genuine,genuine,genuine,genuine,1,0,0,0,0,0,1
PakWheels,Suzuki Wagon R  2022 VXL for Sale,Suzuki,Wagon R,VXL,2022,2,3050000,30.5,55000,Lahore,1000,Manual,Petrol,https://www.pakwheels.com/used-cars/suzuki-wagon-r-2022-for-sale-in-sahiwal-12044551,https://cache3.pakwheels.com/ad_pictures/1521/tn_suzuki-wagon-r-vxl-2022-152141361.webp,,genuine,genuine,genuine,genuine,genuine,genuine,genuine,genuine,genuine,genuine,genuine,1,0,0,0,0,0,1
PakWheels,Suzuki Alto  2019 VXR for Sale,Suzuki,Alto,VXR,2019,5,2250000,22.5,24500,Karachi,660,Manual,Petrol,https://www.pakwheels.com/used-cars/suzuki-alto-2019-for-sale-in-karachi-12044550,https://cache3.pakwheels.com/ad_pictures/1521/tn_suzuki-alto-vxr-2-2019-152140982.webp,,genuine,genuine,genuine,genuine,genuine,genuine,genuine,genuine,genuine,genuine,genuine,1,0,0,0,0,0,1
PakWheels,Honda Civic 11th (FE) Generation 2024 RS for Sale,Honda,Civic,Standard,2024,0,9500000,95.0,6677,Lahore,1500,Automatic,Petrol,https://www.pakwheels.com/used-cars/honda-civic-2024-for-sale-in-lahore-11998024,https://cache2.pakwheels.com/ad_pictures/1514/tn_honda-civic-civic-rs-2024-151425331.webp,,genuine,genuine,genuine,genuine,genuine,genuine,genuine,genuine,genuine,genuine,genuine,1,0,0,0,0,0,1
PakWheels,Haval H6  2024 1.5T for Sale,Haval,H6,Standard,2024,0,8300000,83.0,20777,Multan,1500,Automatic,Petrol,https://www.pakwheels.com/used-cars/haval-h6-2024-for-sale-in-multan-11860960,https://cache1.pakwheels.com/ad_pictures/1493/tn_haval-h6-1-5t-2024-149323973.webp,,genuine,genuine,genuine,genuine,genuine,genuine,genuine,genuine,genuine,genuine,genuine,1,0,0,0,0,0,1
PakWheels,Toyota Corolla  2016 GLi 1.3 VVTi for Sale,Toyota,Corolla,GLi 1.3,2016,8,1000000,10.0,50000,Peshawar,1300,Manual,Petrol,https://www.pakwheels.com/used-cars/toyota-corolla-2016-for-sale-in-peshawar-12044409,https://cache2.pakwheels.com/ad_pictures/1521/tn_toyota-corolla-gli-vvti-2016-152139639.webp,,genuine,genuine,genuine,genuine,genuine,genuine,genuine,genuine,genuine,genuine,genuine,1,0,0,0,0,0,1
PakWheels,KIA Sportage  2024 FWD for Sale,KIA,Sportage,FWD,2024,0,7700000,77.0,48940,Lahore,2000,Automatic,Petrol,https://www.pakwheels.com/used-cars/kia-sportage-2024-for-sale-in-lahore-12020415,https://cache2.pakwheels.com/ad_pictures/1517/tn_kia-sportage-fwd-2024-151774312.webp,,genuine,genuine,genuine,genuine,genuine,genuine,genuine,genuine,genuine,genuine,genuine,1,0,0,0,0,0,1
PakWheels,Toyota Sienta  2019 Hybrid G for Sale,Toyota,Corolla,Standard,2019,5,5500000,55.0,115383,Gujranwala,1500,Automatic,Hybrid,https://www.pakwheels.com/used-cars/toyota-sienta-2019-for-sale-in-gujranwala-12044444,https://cache2.pakwheels.com/ad_pictures/1521/tn_toyota-sienta-hybrid-g-5-2019-152140066.webp,,genuine,genuine,genuine,genuine,genuine,genuine,genuine,genuine,genuine,genuine,genuine,1,0,0,0,0,0,1
PakWheels,Proton X70  2022 Premium FWD for Sale,Proton,X70,FWD,2022,2,6000000,60.0,49683,Multan,1500,Automatic,Petrol,https://www.pakwheels.com/used-cars/proton-x70-2022-for-sale-in-multan-12020432,https://cache1.pakwheels.com/ad_pictures/1517/tn_proton-x70-premium-fwd-2022-151774558.webp,,genuine,genuine,genuine,genuine,genuine,genuine,genuine,genuine,genuine,genuine,genuine,1,0,0,0,0,0,1
PakWheels,Honda Civic 11th (FE) Generation 2022 Oriel for Sale,Honda,Civic,Standard,2022,2,7500000,75.0,36440,Islamabad,1500,Automatic,Petrol,https://www.pakwheels.com/used-cars/honda-civic-2022-for-sale-in-islamabad-11907072,https://cache2.pakwheels.com/ad_pictures/1500/tn_honda-civic-oriel-2024-150032722.webp,,genuine,genuine,genuine,genuine,genuine,genuine,genuine,genuine,genuine,genuine,genuine,1,0,0,0,0,0,1
PakWheels,Polaris RZR  2025  for Sale,Toyota,Corolla,Standard,2025,0,3500000,35.0,800,Islamabad,1300,Automatic,Electric,https://www.pakwheels.com/used-cars/polaris-rzr-2025-for-sale-in-islamabad-11936925,https://cache1.pakwheels.com/ad_pictures/1504/tn_polaris-rzr-2025-150487225.webp,,genuine,genuine,genuine,genuine,genuine,genuine,genuine,genuine,genuine,genuine,genuine,1,0,0,0,0,0,1
PakWheels,Toyota Land Cruiser  2012 ZX for Sale,Toyota,Land Cruiser,Standard,2012,12,25800000,258.0,170000,Lahore,4600,Automatic,Petrol,https://www.pakwheels.com/used-cars/toyota-land-cruiser-2012-for-sale-in-lahore-12044372,https://cache4.pakwheels.com/ad_pictures/1521/tn_toyota-land-cruiser-zx-2-2012-152138971.webp,,genuine,genuine,genuine,genuine,genuine,genuine,genuine,genuine,genuine,genuine,genuine,1,0,0,0,0,0,1
PakWheels,Hyundai Sonata  2022 2.0 for Sale,Hyundai,Sonata,Standard,2022,2,8300000,83.0,42191,Lahore,2000,Automatic,Petrol,https://www.pakwheels.com/used-cars/hyundai-sonata-2022-for-sale-in-lahore-11907149,https://cache3.pakwheels.com/ad_pictures/1500/tn_hyundai-sonata-2-0-3-2022-150033963.webp,,genuine,genuine,genuine,genuine,genuine,genuine,genuine,genuine,genuine,genuine,genuine,1,0,0,0,0,0,1
PakWheels,Suzuki Alto  2024 L Upgrade for Sale,Suzuki,Alto,Standard,2024,0,3400000,34.0,3200,Karachi,660,Automatic,Petrol,https://www.pakwheels.com/used-cars/suzuki-alto-2024-for-sale-in-karachi-12044418,https://cache3.pakwheels.com/ad_pictures/1521/tn_suzuki-alto-l-upgrade-2024-152139749.webp,,genuine,genuine,genuine,genuine,genuine,genuine,genuine,genuine,genuine,genuine,genuine,1,0,0,0,0,0,1
PakWheels,Toyota Prado  2021 TX L Package 2.7 for Sale,Toyota,Prado,Standard,2021,3,25000000,250.0,40000,Karachi,2700,Automatic,Petrol,https://www.pakwheels.com/used-cars/toyota-prado-2021-for-sale-in-karachi-12044545,https://cache2.pakwheels.com/ad_pictures/1521/tn_toyota-prado-tx-l-package-2-7-2021-152141669.webp,,genuine,genuine,genuine,genuine,genuine,genuine,genuine,genuine,genuine,genuine,genuine,1,0,0,0,0,0,1
PakWheels,Toyota Yaris Cross  2022 Hybrid Z for Sale,Toyota,Yaris,Standard,2022,2,4850000,48.5,50000,Lahore,1500,Automatic,Petrol,https://www.pakwheels.com/used-cars/toyota-yaris-cross-2022-for-sale-in-lahore-12044549,https://cache4.pakwheels.com/ad_pictures/1521/tn_toyota-yaris-cross-hybrid-z-2-2022-152141526.webp,,genuine,genuine,genuine,genuine,genuine,genuine,genuine,genuine,genuine,genuine,genuine,1,0,0,0,0,0,1
PakWheels,Haval H6  2025 HEV for Sale,Haval,H6,Standard,2025,0,11000000,110.0,38000,Sialkot,1500,Automatic,Hybrid,https://www.pakwheels.com/used-cars/haval-h6-2025-for-sale-in-sialkot-12044548,https://cache2.pakwheels.com/ad_pictures/1521/tn_haval-h6-hev-2025-152141577.webp,,genuine,genuine,genuine,genuine,genuine,genuine,genuine,genuine,genuine,genuine,genuine,1,0,0,0,0,0,1
PakWheels,Toyota Prado 2nd (J90) Generation 2000 TZ 3.4 for Sale,Toyota,Prado,Standard,2000,24,5500000,55.0,204700,Lahore,3400,Automatic,Petrol,https://www.pakwheels.com/used-cars/toyota-prado-2000-for-sale-in-lahore-12044547,https://cache1.pakwheels.com/ad_pictures/1521/tn_toyota-prado-tz-3-4-2000-152141407.webp,,genuine,genuine,genuine,genuine,genuine,genuine,genuine,genuine,genuine,genuine,genuine,1,0,0,0,0,0,1
PakWheels,Suzuki Cultus  2008 VXRi for Sale,Suzuki,Cultus,VXR,2008,16,1100000,11.0,27456,Lahore,1000,Manual,Petrol,https://www.pakwheels.com/used-cars/suzuki-cultus-2008-for-sale-in-lahore-11907414,https://cache1.pakwheels.com/ad_pictures/1500/tn_suzuki-cultus-vxri-2-2008-150038436.webp,,genuine,genuine,genuine,genuine,genuine,genuine,genuine,genuine,genuine,genuine,genuine,1,0,0,0,0,0,1
PakWheels,Suzuki Wagon R  2017 VXL for Sale,Suzuki,Wagon R,VXL,2017,7,2225000,22.25,120000,Faisalabad,1000,Manual,Petrol,https://www.pakwheels.com/used-cars/suzuki-wagon-r-2017-for-sale-in-faisalabad-12044540,https://cache4.pakwheels.com/ad_pictures/1521/tn_suzuki-wagon-r-vxl-2017-152141559.webp,,genuine,genuine,genuine,genuine,genuine,genuine,genuine,genuine,genuine,genuine,genuine,1,0,0,0,0,0,1
PakWheels,Suzuki Alto  2021 VXR AGS for Sale,Suzuki,Alto,VXR,2021,3,2675000,26.75,95000,Lahore,660,Automatic,Petrol,https://www.pakwheels.com/used-cars/suzuki-alto-2021-for-sale-in-lahore-12044539,https://cache2.pakwheels.com/ad_pictures/1521/tn_suzuki-alto-vxr-ags-2021-152141299.webp,,genuine,genuine,genuine,genuine,genuine,genuine,genuine,genuine,genuine,genuine,genuine,1,0,0,0,0,0,1
PakWheels,Toyota Fortuner  2020 2.7 VVTi for Sale,Toyota,Fortuner,Standard,2020,4,12000000,120.0,70000,Lahore,2700,Automatic,Petrol,https://www.pakwheels.com/used-cars/toyota-fortuner-2020-for-sale-in-lahore-12044535,https://cache2.pakwheels.com/ad_pictures/1521/tn_toyota-fortuner-2-7-automatic-2020-152141467.webp,,genuine,genuine,genuine,genuine,genuine,genuine,genuine,genuine,genuine,genuine,genuine,1,0,0,0,0,0,1
PakWheels,Suzuki Alto  2026 VXR for Sale,Suzuki,Alto,VXR,2026,0,3150000,31.5,5000,Rawalpindi,660,Manual,Petrol,https://www.pakwheels.com/used-cars/suzuki-alto-2026-for-sale-in-rawalpindi-12044536,https://cache2.pakwheels.com/ad_pictures/1521/tn_suzuki-alto-vxr-2-2026-152141371.webp,,genuine,genuine,genuine,genuine,genuine,genuine,genuine,genuine,genuine,genuine,genuine,1,0,0,0,0,0,1
PakWheels,Daihatsu Cuore  2008 CX for Sale,Daihatsu,Cuore,Standard,2008,16,815000,8.15,150000,Karachi,800,Manual,Petrol,https://www.pakwheels.com/used-cars/daihatsu-cuore-2008-for-sale-in-karachi-11822341,https://cache2.pakwheels.com/ad_pictures/1487/tn_daihatsu-cuore-cx-2-2008-148736063.webp,,genuine,genuine,genuine,genuine,genuine,genuine,genuine,genuine,genuine,genuine,genuine,1,0,0,0,0,0,1
PakWheels,Mercedes Benz GLS Class  2015  for Sale,Mercedes,Benz,ES,2015,9,32500000,325.0,123928,Faisalabad,3000,Automatic,Petrol,https://www.pakwheels.com/used-cars/mercedes-benz-gls-class-2015-for-sale-in-faisalabad-11974680,https://cache3.pakwheels.com/ad_pictures/1510/tn_mercedes-benz-gls-class-gls450-2015-151069508.webp,,genuine,genuine,genuine,genuine,genuine,genuine,genuine,genuine,genuine,genuine,genuine,1,0,0,0,0,0,1
PakWheels,Suzuki Cultus  2023 VXL for Sale,Suzuki,Cultus,VXL,2023,1,4150000,41.5,320,Lahore,1000,Manual,Petrol,https://www.pakwheels.com/used-cars/suzuki-cultus-2023-for-sale-in-muzaffar-gargh-12044534,https://cache4.pakwheels.com/ad_pictures/1521/tn_suzuki-cultus-vxl-2-2023-152142340.webp,,genuine,genuine,genuine,genuine,genuine,genuine,genuine,genuine,genuine,genuine,genuine,1,0,0,0,0,0,1
PakWheels,Jaecoo J5  2026 Premium for Sale,Toyota,Corolla,Standard,2026,0,8000000,80.0,1,Karachi,1500,Automatic,Hybrid,https://www.pakwheels.com/used-cars/jaecoo-j5-2026-for-sale-in-karachi-12044505,https://cache2.pakwheels.com/ad_pictures/1521/tn_jaecoo-j5-premium-20-2026-152140871.webp,,genuine,genuine,genuine,genuine,genuine,genuine,genuine,genuine,genuine,genuine,genuine,1,0,0,0,0,0,1
PakWheels,Toyota Corolla 9th (E120) Generation 2003 2.0D Saloon for Sale,Toyota,Corolla,Standard,2003,21,2250000,22.5,180000,Lahore,2000,Manual,Diesel,https://www.pakwheels.com/used-cars/toyota-corolla-2003-for-sale-in-mirpur-ak-12044064,https://cache1.pakwheels.com/ad_pictures/1521/tn_toyota-corolla-20d-saloon-2003-152134692.webp,,genuine,genuine,genuine,genuine,genuine,genuine,genuine,genuine,genuine,genuine,genuine,1,0,0,0,0,0,1
PakWheels,Toyota Hilux  2021 Revo V Automatic 2.8 for Sale,Toyota,Hilux,Standard,2021,3,12100000,121.0,48000,Karachi,2800,Automatic,Diesel,https://www.pakwheels.com/used-cars/toyota-hilux-2021-for-sale-in-karachi-12044488,https://cache1.pakwheels.com/ad_pictures/1521/tn_toyota-hilux-revo-v-automatic-2-8-2021-152140722.webp,,genuine,genuine,genuine,genuine,genuine,genuine,genuine,genuine,genuine,genuine,genuine,1,0,0,0,0,0,1
PakWheels,Suzuki Ravi  2006  for Sale,Suzuki,Ravi,Standard,2006,18,690000,6.9,100000,Karachi,700,Manual,Petrol,https://www.pakwheels.com/used-cars/suzuki-ravi-2006-for-sale-in-karachi-12044529,https://cache3.pakwheels.com/ad_pictures/1521/tn_suzuki-ravi-2006-152141304.webp,,genuine,genuine,genuine,genuine,genuine,genuine,genuine,genuine,genuine,genuine,genuine,1,0,0,0,0,0,1
PakWheels,Toyota Passo  2012 X L Package for Sale,Toyota,Passo,Standard,2012,12,2100000,21.0,140250,Karachi,1000,Automatic,Petrol,https://www.pakwheels.com/used-cars/toyota-passo-2012-for-sale-in-karachi-12043781,https://cache2.pakwheels.com/ad_pictures/1521/tn_toyota-passo-x-l-package-2012-152128922.webp,,genuine,genuine,genuine,genuine,genuine,genuine,genuine,genuine,genuine,genuine,genuine,1,0,0,0,0,0,1
PakWheels,Toyota Corolla  2020 Altis Grande CVT-i 1.8 for Sale,Toyota,Corolla,Standard,2020,4,5450000,54.5,87916,Karachi,1800,Automatic,Petrol,https://www.pakwheels.com/used-cars/toyota-corolla-2020-for-sale-in-karachi-12044528,https://cache4.pakwheels.com/ad_pictures/1521/tn_toyota-corolla-altis-1-8-grande-automatic-2020-152141477.webp,,genuine,genuine,genuine,genuine,genuine,genuine,genuine,genuine,genuine,genuine,genuine,1,0,0,0,0,0,1
PakWheels,Toyota Hilux  2021 Revo V Automatic 2.8 for Sale,Toyota,Hilux,Standard,2021,3,11800000,118.0,41123,Karachi,2800,Automatic,Diesel,https://www.pakwheels.com/used-cars/toyota-hilux-2021-for-sale-in-karachi-11960965,https://cache4.pakwheels.com/ad_pictures/1508/tn_toyota-hilux-revo-v-automatic-2-8-2021-150852972.webp,,genuine,genuine,genuine,genuine,genuine,genuine,genuine,genuine,genuine,genuine,genuine,1,0,0,0,0,0,1
PakWheels,Honda City 6th (GM4) Generation 2022 1.2L CVT for Sale,Honda,City,Standard,2022,2,4060000,40.6,94118,Karachi,1200,Automatic,Petrol,https://www.pakwheels.com/used-cars/honda-city-2022-for-sale-in-karachi-11805041,https://cache2.pakwheels.com/ad_pictures/1484/tn_honda-city-1-2l-cvt-2022-148472265.webp,,genuine,genuine,genuine,genuine,genuine,genuine,genuine,genuine,genuine,genuine,genuine,1,0,0,0,0,0,1
PakWheels,Honda Civic Rebirth (FB) 2016 Oriel Prosmatec UG for Sale,Honda,Civic,Rebirth,2016,8,4350000,43.5,140000,Islamabad,1800,Automatic,Petrol,https://www.pakwheels.com/used-cars/honda-civic-2016-for-sale-in-islamabad-12044526,https://cache3.pakwheels.com/ad_pictures/1521/tn_honda-civic-oriel-prosmatec-ug-2016-152141408.webp,,genuine,genuine,genuine,genuine,genuine,genuine,genuine,genuine,genuine,genuine,genuine,1,0,0,0,0,0,1
PakWheels,Nissan Dayz Roox  2014 X V Selection for Sale,Nissan,Dayz,Standard,2014,10,2250000,22.5,123000,Islamabad,660,Automatic,Hybrid,https://www.pakwheels.com/used-cars/nissan-dayz-roox-2014-for-sale-in-islamabad-12044519,https://cache2.pakwheels.com/ad_pictures/1521/tn_nissan-dayz-roox-x-v-selection-2014-152141034.webp,,genuine,genuine,genuine,genuine,genuine,genuine,genuine,genuine,genuine,genuine,genuine,1,0,0,0,0,0,1
PakWheels,Suzuki Alto  2021 VXL AGS for Sale,Suzuki,Alto,VXL AGS,2021,3,2290000,22.9,48300,Lahore,660,Automatic,Petrol,https://www.pakwheels.com/used-cars/suzuki-alto-2021-for-sale-in-lahore-12044518,https://cache1.pakwheels.com/ad_pictures/1521/tn_suzuki-alto-vxl-2-2021-152141223.webp,,genuine,genuine,genuine,genuine,genuine,genuine,genuine,genuine,genuine,genuine,genuine,1,0,0,0,0,0,1
PakWheels,Honda Civic 5th (EG) Generation 1995 EX for Sale,Honda,Civic,Standard,1995,29,819999,8.2,200000,Karachi,1500,Manual,Petrol,https://www.pakwheels.com/used-cars/honda-civic-1995-for-sale-in-karachi-12044523,https://cache1.pakwheels.com/ad_pictures/1521/tn_honda-civic-ex-2-1995-152141191.webp,,genuine,genuine,genuine,genuine,genuine,genuine,genuine,genuine,genuine,genuine,genuine,1,0,0,0,0,0,1
